,user_id,mbti,q1,q2,q3,q4,q5,q6,q7,q8,q9,q10,q11,q12,q13,q14,q15,q16,q17,q18,q19,q20,q21,q22,q23,q24,club_id,mcc_category
1,32,12,1,3,3,3,4,1,1,3,1,3,3,1,4,1,1,4,3,3,1,3,4,1,1,3,23.0,2.0
2,84,2,1,4,4,4,4,1,1,3,3,4,3,2,3,2,4,3,3,2,2,2,3,2,3,3,22.0,2.0
3,396,6,2,2,2,2,2,2,1,1,2,1,3,3,2,1,1,1,2,1,1,3,2,1,1,1,82.0,6.0
4,421,6,1,1,4,3,1,3,1,1,1,1,4,2,3,1,1,1,1,1,1,1,1,1,1,3,87.0,4.0
7,534,15,1,3,3,3,4,4,1,2,2,2,4,4,4,4,1,2,4,4,3,4,4,3,1,2,94.0,4.0
8,581,14,2,3,4,3,3,3,3,3,2,3,4,3,3,2,2,2,3,3,2,3,3,1,4,3,134.0,4.0
9,1173,3,2,3,3,2,2,3,1,3,2,4,3,3,3,3,1,2,3,3,2,2,3,2,1,3,701.0,5.0
10,1368,7,3,4,3,3,2,3,4,2,2,3,3,2,3,1,2,1,2,2,2,3,3,2,4,3,192.0,6.0
11,1898,1,2,3,3,3,2,3,3,2,2,3,3,3,3,2,2,2,2,2,2,3,3,3,2,2,48.0,2.0
13,2128,11,2,4,3,3,4,3,1,1,1,4,4,3,4,1,1,1,1,1,1,3,3,1,1,2,217.0,2.0
14,2278,6,4,2,3,3,2,3,1,2,2,1,3,2,1,1,1,2,1,2,3,2,2,1,1,1,238.0,6.0
15,2327,11,3,3,3,3,2,3,4,1,2,3,2,2,2,3,3,1,4,2,2,2,2,2,4,1,247.0,3.0
16,2365,15,2,2,2,2,3,3,4,2,3,2,2,2,2,3,3,2,2,2,2,2,3,3,3,2,244.0,5.0
17,2477,10,3,3,2,3,2,3,1,2,4,4,3,4,3,3,1,3,4,4,3,3,3,3,1,2,251.0,5.0
18,2514,15,4,4,4,4,3,4,1,2,1,4,4,4,4,3,1,1,4,3,3,4,4,2,1,4,65.0,2.0
19,2524,14,4,3,3,2,2,4,4,1,3,2,3,2,2,3,4,2,4,1,1,1,2,3,4,3,254.0,3.0
20,2681,1,4,2,3,4,3,3,1,2,3,3,4,2,3,3,1,1,4,3,2,2,3,1,1,3,217.0,2.0
21,2691,7,2,3,3,3,1,3,3,3,1,2,4,3,3,3,1,3,3,3,3,3,3,1,1,3,251.0,5.0
23,2770,6,3,3,3,1,2,3,1,1,3,4,3,4,3,3,1,1,3,3,3,3,4,1,1,2,219.0,5.0
24,2797,11,4,2,3,3,3,3,4,3,2,3,3,3,3,3,3,2,3,3,2,2,3,2,3,2,254.0,3.0
25,2801,1,3,2,3,3,3,2,1,3,2,3,3,4,4,3,1,2,3,2,1,3,2,2,1,3,251.0,5.0
26,2823,9,3,4,3,4,4,4,3,2,3,3,3,3,2,4,2,2,3,3,3,3,3,3,3,3,219.0,5.0
28,2954,7,1,2,3,2,3,4,4,1,3,2,2,2,4,4,3,1,2,3,1,2,3,1,4,1,247.0,3.0
29,3879,14,4,4,4,4,4,4,4,4,4,4,4,4,4,4,4,4,4,4,4,4,4,4,4,4,359.0,6.0
30,3953,15,4,2,3,2,2,3,1,3,3,2,3,3,3,2,1,3,3,2,2,4,4,2,1,3,392.0,6.0
31,3958,8,4,3,4,4,2,2,1,3,4,3,4,4,3,2,1,3,4,2,3,3,3,3,1,3,392.0,6.0
32,4048,6,3,4,2,3,3,4,1,1,3,3,3,3,1,2,1,1,4,2,2,3,3,2,1,1,392.0,6.0
33,4170,7,1,2,2,3,4,4,1,3,2,4,4,3,4,4,1,3,1,2,3,4,4,1,1,3,379.0,2.0
34,4368,15,3,3,3,3,2,3,4,2,1,3,2,2,3,3,3,3,2,3,2,3,3,2,4,2,455.0,3.0
35,4404,2,4,3,3,2,2,3,1,2,4,2,2,3,2,3,1,2,4,2,2,3,3,1,1,2,448.0,6.0
36,4596,12,3,1,3,3,3,1,1,1,3,4,3,3,3,1,1,1,4,4,1,3,4,1,1,2,470.0,6.0
37,4667,15,3,2,3,4,3,4,1,3,1,3,4,4,4,2,1,3,2,3,2,4,4,1,1,3,407.0,6.0
38,4716,7,3,1,3,4,3,2,1,3,4,3,3,3,4,1,1,2,4,3,3,2,2,1,1,4,470.0,6.0
40,5050,11,2,2,4,4,4,4,2,2,1,1,3,4,1,3,1,1,1,1,1,2,4,2,1,2,146.0,2.0
42,5571,6,3,3,3,3,2,4,4,2,4,3,2,2,3,3,3,2,4,3,2,3,3,3,3,3,716.0,100.0
43,5573,15,3,4,3,3,2,3,4,2,2,3,3,3,3,3,3,2,2,3,3,3,3,3,4,2,716.0,100.0
44,5692,14,4,2,2,3,3,3,1,2,2,2,2,3,2,1,1,1,4,2,1,3,3,1,1,2,716.0,100.0
47,6228,11,1,1,1,1,1,1,1,4,1,1,1,1,1,1,1,1,1,1,1,1,1,4,1,4,238.0,6.0
48,6337,11,3,3,3,3,2,3,2,3,2,3,3,3,4,2,2,3,4,1,2,3,3,2,1,2,197.0,4.0
49,6647,7,1,1,1,2,3,1,1,1,2,1,2,3,1,1,1,1,1,1,1,2,1,1,1,2,82.0,6.0
51,6901,11,3,3,2,3,4,4,1,3,1,3,3,3,2,3,1,2,2,3,2,2,4,1,1,3,719.0,100.0
52,6907,11,4,2,3,4,3,3,1,2,3,3,3,3,3,2,1,4,4,3,3,3,3,1,2,2,745.0,5.0
53,6912,9,3,3,1,3,2,2,1,3,4,1,3,4,2,2,1,2,2,1,1,3,2,1,1,3,719.0,100.0
54,6914,6,3,3,3,3,3,3,3,3,3,3,3,4,2,3,4,3,4,3,4,2,4,2,4,3,719.0,100.0
55,6922,5,3,3,3,4,3,1,1,1,1,3,3,3,3,1,1,2,3,1,1,3,3,1,1,3,408.0,6.0
56,6962,7,2,3,2,3,3,3,1,2,3,4,3,3,3,2,1,2,3,3,3,3,3,1,1,2,729.0,2.0
57,6995,6,1,3,3,2,2,3,1,1,1,2,3,2,3,1,1,1,1,3,1,3,3,1,1,1,763.0,2.0
58,7003,7,2,2,2,3,3,3,1,1,1,1,3,3,3,3,1,1,2,1,3,3,3,1,1,3,739.0,5.0
59,7005,11,2,2,3,3,3,2,2,3,2,2,3,3,3,2,2,3,3,3,2,3,3,2,2,2,741.0,1.0
60,7006,7,3,3,3,3,3,3,1,2,3,3,3,3,3,3,1,2,3,3,3,2,3,3,1,3,742.0,5.0
61,7007,14,3,2,1,3,3,3,1,2,3,1,3,3,2,3,1,3,2,2,2,3,2,3,1,1,743.0,5.0
62,7018,10,3,2,2,2,2,3,3,2,3,2,3,3,2,2,3,2,3,2,2,2,2,2,3,2,748.0,3.0
63,7040,8,4,1,4,4,4,2,1,1,2,2,3,3,1,3,4,1,4,1,1,1,4,1,1,1,815.0,6.0
64,7117,2,2,3,3,2,3,3,1,1,2,1,2,4,2,1,3,1,2,1,2,3,3,1,1,2,231.0,3.0
65,7131,1,3,2,3,3,3,3,1,3,3,1,3,3,2,2,1,2,3,1,1,1,1,1,1,3,753.0,6.0
66,7152,15,3,2,3,3,3,3,1,3,4,3,3,3,2,2,1,2,3,3,1,3,2,1,1,3,759.0,6.0
67,7160,11,4,4,3,4,3,3,1,3,3,4,4,4,4,2,1,2,3,3,2,4,3,4,1,4,760.0,2.0
68,7196,13,4,1,2,4,4,2,1,4,4,3,4,4,2,1,1,2,4,1,1,1,1,1,1,3,761.0,6.0
69,7200,3,3,1,3,3,3,2,1,2,3,1,3,3,3,2,1,3,4,1,2,2,2,1,1,3,761.0,6.0
70,7202,6,4,2,2,2,4,3,1,2,2,3,4,4,4,2,1,1,3,1,1,3,3,1,1,3,764.0,2.0
71,7230,11,3,3,4,4,4,4,1,2,3,4,3,4,3,4,1,3,1,3,3,4,4,1,1,3,745.0,5.0
72,7249,7,2,3,3,3,3,3,1,2,1,3,3,3,2,2,1,2,2,3,2,3,2,1,1,2,765.0,1.0
73,7301,7,1,3,4,4,4,2,1,1,1,4,4,4,4,1,1,1,1,3,1,3,4,1,1,3,764.0,2.0
74,7304,4,3,1,4,4,4,2,3,1,1,4,4,4,3,1,4,1,3,3,1,4,3,1,2,3,748.0,3.0
75,7386,15,2,3,3,4,3,3,2,2,1,4,3,3,3,3,2,1,3,2,3,3,2,2,2,3,763.0,2.0
76,7388,16,3,4,4,4,4,2,4,4,3,3,4,3,4,2,4,3,4,3,4,4,4,1,3,4,763.0,2.0
77,7416,1,4,3,1,4,4,1,1,1,3,1,4,4,1,1,1,1,4,1,1,3,1,1,1,1,815.0,6.0
78,7428,9,3,2,3,4,3,3,1,1,3,3,3,3,2,3,1,1,4,2,2,3,2,2,1,2,789.0,6.0
79,7434,12,4,4,4,4,3,2,1,3,3,4,4,3,4,3,1,3,4,4,3,3,4,3,1,4,660.0,100.0
80,7473,11,3,3,3,4,2,3,1,3,4,3,4,3,3,2,1,3,3,4,3,3,4,1,1,2,740.0,1.0
81,7486,10,4,3,1,2,2,2,1,3,4,3,2,3,2,2,1,3,4,2,1,2,2,1,1,4,765.0,1.0
82,7506,5,4,2,3,3,2,3,1,3,3,2,3,3,2,2,1,2,3,2,3,3,2,2,1,2,1077.0,6.0
83,7515,13,1,2,3,3,2,1,1,2,1,1,3,3,2,1,1,2,1,3,3,3,3,1,1,3,796.0,2.0
84,7540,10,4,4,2,3,3,1,1,1,1,4,2,3,2,1,1,1,2,1,1,3,3,1,1,2,746.0,2.0
85,7546,12,3,3,3,3,2,3,2,4,3,3,4,3,4,3,2,3,2,3,3,3,3,2,1,3,740.0,1.0
86,7552,1,3,3,4,4,3,3,1,2,2,2,3,2,2,3,1,2,3,2,3,2,2,1,1,2,798.0,6.0
87,7590,11,2,3,3,3,4,3,1,1,1,2,3,3,4,2,1,1,2,2,2,2,3,1,1,3,806.0,2.0
88,7593,2,3,2,3,3,3,3,1,2,2,3,3,3,2,3,1,2,2,2,2,2,2,2,1,2,796.0,2.0
89,7601,14,4,1,3,3,4,3,1,1,3,3,4,4,3,3,1,1,4,1,3,1,3,1,1,3,808.0,6.0
90,7603,4,4,3,3,4,4,2,1,2,4,2,3,4,3,2,1,2,4,2,3,2,3,1,1,2,808.0,6.0
91,7607,1,3,1,3,2,2,3,1,3,4,1,2,2,1,1,1,2,4,1,2,1,1,1,1,1,808.0,6.0
92,7609,7,3,4,3,3,4,4,1,3,4,4,4,4,4,1,1,3,4,4,2,4,4,1,1,3,808.0,6.0
93,7614,14,4,2,3,2,3,3,1,2,3,3,3,3,2,2,3,2,4,2,2,3,3,2,1,3,808.0,6.0
94,7616,13,3,2,4,2,4,3,1,1,1,1,2,3,3,4,1,1,3,2,4,2,4,1,1,1,246.0,4.0
95,7656,11,3,3,3,3,3,3,1,2,2,4,3,3,3,3,1,2,3,3,3,3,3,1,1,3,861.0,2.0
96,7672,4,3,2,3,3,3,2,2,2,2,3,3,3,2,2,2,2,3,2,2,3,2,2,2,2,779.0,1.0
97,7703,13,1,1,4,1,4,3,1,1,1,1,1,1,1,1,1,1,1,1,1,1,1,1,1,1,795.0,6.0
98,7729,6,3,3,3,3,2,3,3,2,2,4,4,3,3,3,3,2,3,1,2,3,3,2,3,3,818.0,2.0
99,7733,15,4,4,3,3,3,4,1,2,2,3,3,3,3,3,3,2,3,3,1,3,3,1,1,3,1017.0,2.0
100,7744,11,2,2,2,3,3,2,1,2,1,1,3,3,3,1,1,2,1,2,3,2,2,2,1,3,739.0,5.0
101,7759,3,2,2,3,4,4,3,1,3,1,3,3,3,2,3,1,2,3,2,2,2,2,2,1,2,823.0,2.0
102,7778,16,2,4,3,4,4,3,1,3,3,4,2,4,3,3,1,3,1,4,2,4,3,1,1,4,1036.0,2.0
103,7779,10,3,3,2,3,2,3,1,3,3,3,3,3,3,3,1,2,3,1,2,3,2,2,1,3,219.0,5.0
104,7790,13,4,3,3,4,3,2,1,1,3,3,4,3,1,2,1,2,4,2,1,4,3,3,1,1,815.0,6.0
105,7796,11,2,3,3,3,3,3,1,3,3,3,3,3,3,3,1,2,3,3,2,3,3,2,1,3,251.0,5.0
106,7808,14,3,4,2,3,3,2,1,3,2,3,3,4,3,1,1,2,3,3,1,3,3,3,1,3,832.0,100.0
107,7820,14,4,2,3,3,2,3,1,3,3,2,3,3,3,3,1,2,3,2,2,3,2,1,1,2,224.0,2.0
108,7870,11,3,2,3,2,3,4,1,1,3,2,3,3,3,4,1,2,2,3,2,2,3,3,1,2,251.0,5.0
109,7873,15,2,1,2,4,3,3,1,1,3,1,4,3,1,2,1,1,3,1,1,3,2,1,1,1,238.0,6.0
110,7878,7,3,3,1,3,2,3,3,1,2,1,3,3,1,3,2,1,1,2,2,1,3,2,3,2,739.0,5.0
111,7899,16,3,2,4,3,4,2,3,3,3,3,4,3,3,2,2,3,4,3,3,2,3,1,3,3,841.0,2.0
112,7900,1,3,1,3,4,2,3,1,1,2,1,3,4,2,3,1,1,2,1,3,3,3,1,1,1,842.0,1.0
113,7906,7,2,2,3,3,3,3,1,1,1,1,3,1,3,1,1,1,4,2,3,1,3,1,1,3,843.0,2.0
114,7916,11,3,3,3,3,2,4,1,2,3,3,4,3,3,2,1,3,2,2,3,3,2,3,1,3,845.0,4.0
115,7917,3,2,3,3,3,2,2,1,1,3,1,3,3,3,1,1,1,2,3,1,1,3,1,1,2,845.0,4.0
116,7921,10,2,1,3,2,2,3,1,3,1,1,3,2,3,2,1,2,3,2,1,3,3,1,1,2,796.0,2.0
117,7940,12,3,2,4,3,2,2,1,3,1,2,3,3,3,2,1,2,4,2,1,3,2,1,2,3,273.0,2.0
118,7942,12,4,4,4,4,4,4,1,4,1,4,4,4,4,3,1,4,3,3,3,3,4,1,1,3,32.0,100.0
119,7964,11,3,3,2,3,2,3,3,3,3,3,3,3,3,2,2,3,3,3,3,3,3,2,3,3,835.0,4.0
120,7985,15,4,3,3,3,3,4,1,1,2,1,4,3,4,1,1,2,4,4,4,3,3,1,1,3,799.0,6.0
121,7995,3,2,2,2,3,3,3,1,3,1,2,3,3,3,2,1,3,1,3,2,2,2,2,1,3,241.0,2.0
122,8008,6,3,3,3,3,2,3,1,2,2,3,3,3,1,3,1,2,3,3,3,3,3,1,1,1,845.0,4.0
123,8019,7,3,1,2,2,4,3,1,2,2,1,3,4,2,1,2,1,3,2,2,3,3,1,1,2,797.0,6.0
124,8031,10,3,2,4,3,4,3,2,3,3,1,3,3,3,3,2,3,3,3,2,2,4,1,3,3,835.0,4.0
125,8055,11,3,3,2,4,3,3,2,4,3,3,3,4,4,3,2,4,3,3,2,4,4,1,1,3,751.0,6.0
126,8062,13,2,2,3,2,3,3,1,3,2,2,3,3,2,2,1,1,3,1,3,2,2,2,2,2,739.0,5.0
127,8072,11,3,2,3,2,3,3,2,4,2,2,4,2,3,2,3,4,3,3,2,3,3,2,2,3,763.0,2.0
128,8075,8,3,2,4,3,3,3,1,4,1,2,3,3,3,3,1,4,3,3,3,1,2,2,1,1,238.0,6.0
129,8092,10,4,2,3,2,3,3,2,2,3,2,2,3,2,3,2,2,3,2,2,3,2,2,2,2,219.0,5.0
130,8108,7,3,3,3,3,3,3,1,3,3,3,3,4,3,2,1,2,2,2,2,4,2,1,1,2,873.0,1.0
131,8111,6,3,2,3,2,2,3,2,2,2,2,2,3,2,4,1,1,1,1,1,3,2,3,1,1,219.0,5.0
132,8112,8,1,3,3,3,4,3,1,2,1,1,3,3,3,2,1,1,1,3,2,3,3,1,1,1,866.0,1.0
133,8130,7,1,4,4,3,3,2,1,1,1,4,4,1,3,1,1,1,1,1,1,3,2,1,1,1,273.0,2.0
134,8133,7,2,3,3,4,3,3,1,4,2,4,3,3,4,3,1,3,3,2,3,3,4,1,1,3,796.0,2.0
135,8134,11,3,4,3,3,3,3,1,3,1,4,4,3,3,2,1,1,2,3,1,2,3,1,2,3,217.0,2.0
136,8141,11,3,3,4,3,2,3,1,3,3,3,3,3,3,3,1,2,3,2,2,3,3,1,1,3,883.0,6.0
137,8147,3,4,4,4,3,4,4,1,1,4,2,3,3,2,3,1,1,3,3,3,2,3,2,1,2,796.0,2.0
138,8171,11,3,2,2,3,2,3,1,3,4,2,3,3,3,3,1,2,3,2,2,3,3,1,1,3,796.0,2.0
139,8204,16,3,3,3,4,3,3,1,4,2,3,4,3,4,2,1,4,3,2,2,3,3,1,1,3,796.0,2.0
140,8256,4,3,2,3,3,3,3,1,3,4,3,4,4,2,3,1,2,4,2,2,2,3,2,1,3,815.0,6.0
141,8270,8,3,3,2,3,3,3,1,1,2,1,3,3,3,2,1,1,4,1,3,1,1,1,1,3,761.0,6.0
142,8272,11,3,4,3,4,2,3,1,2,2,4,4,4,4,3,1,2,4,2,3,3,4,1,1,2,765.0,1.0
143,8306,7,2,2,1,3,2,3,1,1,2,2,1,4,3,2,1,2,2,2,3,2,3,1,1,3,759.0,6.0
144,8369,8,2,3,4,4,4,3,1,2,2,2,3,3,1,2,1,2,2,2,1,3,3,1,1,3,796.0,2.0
146,8378,15,4,4,2,4,4,3,2,3,2,4,4,4,4,3,2,3,3,3,2,4,4,2,1,4,924.0,2.0
147,8393,4,2,3,3,4,3,2,1,3,4,3,3,4,4,1,1,3,2,3,2,3,3,1,1,4,741.0,1.0
149,8418,8,2,4,3,3,4,3,1,4,2,3,4,4,4,3,1,3,1,4,2,3,3,3,1,3,1078.0,5.0
150,8423,2,2,3,3,3,2,3,1,3,2,3,3,3,3,2,1,2,3,2,2,2,2,2,1,2,732.0,2.0
151,8427,16,4,1,1,3,3,3,1,1,4,2,4,4,1,2,1,1,4,1,1,3,2,3,1,3,747.0,2.0
152,8436,1,2,2,3,3,3,3,1,3,2,2,3,3,3,2,1,3,2,2,2,2,3,2,1,2,865.0,4.0
153,8458,8,2,3,4,4,2,3,2,4,3,3,4,4,4,2,2,3,3,3,3,3,3,1,2,4,792.0,1.0
154,8482,12,3,4,4,4,4,4,1,4,1,2,4,3,4,3,1,4,4,3,4,4,4,2,1,3,796.0,2.0
155,8493,7,2,3,1,3,3,2,1,1,3,3,3,4,2,1,1,2,4,2,1,4,3,1,1,1,77.0,2.0
156,8523,2,1,3,2,2,2,2,3,1,1,1,1,3,1,1,3,1,1,1,1,2,1,1,3,2,748.0,3.0
157,8536,8,1,3,3,3,4,2,1,3,3,2,3,3,3,2,1,3,3,2,4,2,2,3,1,2,796.0,2.0
158,8548,12,3,3,4,3,2,2,2,4,1,4,4,3,3,2,2,3,3,4,2,4,3,3,2,4,764.0,2.0
159,8560,3,3,3,2,3,3,3,1,2,3,2,3,4,4,2,1,2,2,1,1,2,2,1,1,2,761.0,6.0
160,8585,7,3,2,3,4,3,3,1,3,2,2,4,4,4,1,1,1,4,2,1,3,4,1,2,4,759.0,6.0
161,8646,6,3,2,2,3,4,2,1,1,4,3,3,3,3,1,1,1,3,3,1,4,1,1,1,1,759.0,6.0
162,8651,2,3,2,2,3,2,3,1,2,3,3,2,3,2,4,1,2,3,2,2,2,2,2,1,2,759.0,6.0
163,8662,7,4,2,3,3,3,2,1,2,3,2,3,3,3,1,1,3,4,3,3,4,3,1,1,3,750.0,2.0
164,8672,6,4,3,2,3,3,3,1,3,3,2,3,3,3,3,3,3,4,3,2,3,3,2,3,3,761.0,6.0
165,8674,6,3,2,3,3,2,2,1,3,3,4,3,3,3,1,1,2,2,1,2,3,3,1,1,2,798.0,6.0
166,8676,5,3,2,2,2,3,2,2,2,3,2,3,3,3,2,2,2,3,2,2,3,2,2,2,2,759.0,6.0
168,8778,8,2,1,3,2,4,1,1,1,1,1,3,2,4,1,1,2,3,4,2,3,3,1,1,1,766.0,1.0
169,8795,10,3,2,2,2,3,2,1,2,4,3,3,4,3,2,1,3,4,2,3,3,2,1,1,2,741.0,1.0
170,8799,6,3,2,2,3,2,3,1,3,4,2,3,3,3,3,1,2,3,1,2,3,3,1,1,2,762.0,5.0
171,8803,1,2,3,4,3,2,2,1,2,2,2,2,3,2,2,1,2,3,3,3,2,2,2,1,2,845.0,4.0
172,8882,11,1,4,3,2,4,3,1,3,1,3,3,3,4,2,1,1,1,4,3,2,3,2,1,2,766.0,1.0
173,8883,14,4,2,2,2,4,3,2,2,2,3,4,3,3,3,2,3,4,2,2,3,2,2,2,2,742.0,5.0
174,8896,5,3,1,3,3,3,1,1,3,2,1,3,3,2,1,1,3,3,1,1,3,1,1,1,1,776.0,6.0
175,8912,13,4,4,4,4,3,4,1,4,3,3,4,4,3,4,4,4,4,3,2,3,4,1,1,4,763.0,2.0
176,8924,14,2,3,2,3,2,3,2,3,2,2,3,3,2,2,2,2,2,2,2,3,3,2,2,3,948.0,1.0
177,8938,13,4,3,3,3,3,3,1,3,3,2,3,3,2,2,1,2,3,2,1,3,2,2,1,2,753.0,6.0
178,8992,5,2,3,2,3,3,3,1,2,1,2,3,3,3,2,1,2,2,3,2,2,2,1,1,2,742.0,5.0
179,8994,12,4,4,3,4,3,2,1,3,3,3,3,3,3,2,1,2,4,3,1,3,3,3,1,3,742.0,5.0
180,9008,6,4,2,2,2,3,3,1,2,3,3,3,3,2,2,2,2,3,2,2,3,3,2,2,3,763.0,2.0
181,9010,12,3,3,2,3,3,3,1,3,2,4,3,2,4,2,1,3,4,3,2,4,3,1,1,4,763.0,2.0
182,9021,12,3,3,3,3,3,3,1,3,1,3,3,3,3,2,1,3,3,3,2,3,3,2,1,3,823.0,2.0
183,9030,6,3,1,3,1,3,3,1,3,2,1,3,4,2,1,1,2,2,1,1,1,1,1,1,1,750.0,2.0
184,9046,13,3,3,3,2,3,3,1,1,3,1,3,3,2,3,2,2,3,2,2,3,2,1,2,3,754.0,2.0
185,9054,7,3,2,3,3,3,3,1,3,3,1,3,3,3,2,1,2,3,2,2,3,3,1,1,1,761.0,6.0
186,9056,12,2,3,3,2,2,2,2,3,3,3,2,3,3,2,2,3,3,3,2,2,2,2,2,2,753.0,6.0
187,9058,11,3,3,3,2,4,3,1,3,2,3,3,3,3,2,1,2,3,2,1,3,3,1,1,2,759.0,6.0
188,9073,12,3,3,4,4,3,2,3,3,3,3,3,3,4,2,2,3,2,3,3,3,3,2,3,3,739.0,5.0
189,9074,11,4,2,4,3,2,4,3,3,4,1,4,4,2,3,3,2,4,2,1,3,3,2,3,3,761.0,6.0
190,9075,7,1,1,1,1,1,1,1,1,1,1,1,1,1,1,1,1,1,1,1,1,1,1,1,1,766.0,1.0
191,9079,6,4,2,2,2,2,4,2,2,2,1,3,3,2,4,2,2,3,3,1,2,1,2,1,3,847.0,5.0
192,9087,8,3,3,2,3,2,3,1,1,3,3,3,3,1,4,1,1,3,1,1,3,3,2,2,2,742.0,5.0
193,9100,7,2,4,4,3,2,3,1,1,3,3,3,4,2,2,1,2,2,3,2,3,3,1,1,2,765.0,1.0
194,9113,10,3,3,3,2,2,3,1,2,1,3,3,4,3,2,1,2,3,3,1,3,3,1,1,2,768.0,1.0
195,9127,15,4,3,4,3,2,3,1,2,2,3,4,4,3,3,2,2,3,2,1,2,3,1,2,2,815.0,6.0
196,9148,2,3,2,3,3,3,2,1,3,3,2,3,3,2,2,2,2,4,2,2,3,2,1,1,3,759.0,6.0
197,9149,8,3,1,2,3,3,2,1,3,3,3,2,3,2,2,1,3,3,2,1,3,3,1,1,2,759.0,6.0
198,9150,1,2,2,3,3,3,3,1,3,2,1,3,4,3,1,2,2,2,1,1,3,3,1,1,2,745.0,5.0
199,9160,15,2,3,3,3,2,3,1,3,2,4,3,4,3,2,1,2,3,2,2,2,3,2,1,2,754.0,2.0
200,9179,1,3,2,2,1,2,3,1,1,3,1,2,3,2,3,2,2,3,1,2,2,2,2,1,1,745.0,5.0
201,9183,11,2,1,3,3,4,3,1,3,3,2,3,3,2,2,1,3,4,1,1,3,2,3,1,3,745.0,5.0
202,9220,7,2,2,2,3,3,2,1,1,1,1,3,3,3,2,1,1,3,2,3,3,3,2,1,2,766.0,1.0
203,9239,6,3,2,2,4,2,4,1,2,2,2,4,3,3,3,1,2,2,2,2,2,2,4,1,2,759.0,6.0
204,9266,11,3,2,3,3,3,3,1,2,3,3,3,3,2,3,1,1,4,4,4,2,4,1,1,4,770.0,2.0
205,9290,5,2,3,3,3,3,2,1,2,2,2,2,2,2,1,1,2,4,2,1,3,2,1,1,2,765.0,1.0
206,9296,7,1,3,2,3,3,3,1,3,1,1,3,3,3,2,1,3,1,2,2,3,3,2,1,3,766.0,1.0
207,9332,7,2,3,1,3,3,2,3,3,2,4,3,3,3,2,3,4,2,2,2,3,3,2,3,2,764.0,2.0
208,9353,9,3,2,3,3,3,2,1,2,2,3,3,3,2,2,2,1,3,2,2,3,3,2,2,2,741.0,1.0
209,9384,14,2,3,3,3,3,3,2,2,2,3,2,3,2,3,2,2,3,3,2,3,3,2,2,2,757.0,1.0
210,9398,11,3,3,2,2,4,3,1,1,3,3,3,2,1,1,1,1,4,1,1,1,2,1,1,2,745.0,5.0
211,9408,14,4,2,1,3,3,3,3,3,2,2,3,4,2,3,3,3,4,2,1,3,3,2,3,3,759.0,6.0
212,9414,3,1,2,3,3,3,3,3,1,1,3,3,4,3,3,3,1,1,1,1,2,3,1,3,3,743.0,5.0
213,9445,14,3,3,2,3,2,4,1,1,3,3,3,3,1,4,1,2,3,1,1,3,2,2,1,2,739.0,5.0
214,9451,7,1,3,3,3,3,3,1,3,1,1,3,3,3,3,1,2,3,3,3,3,3,3,1,3,796.0,2.0
215,9466,11,3,3,2,3,3,3,1,2,1,2,2,3,3,3,1,2,3,2,1,4,3,2,1,2,762.0,5.0
216,9478,4,3,2,3,3,2,3,2,3,3,2,3,3,3,2,1,3,3,1,1,3,3,1,1,3,741.0,1.0
217,9494,7,3,4,2,3,3,2,1,1,3,4,2,3,2,2,2,2,3,2,2,3,3,3,2,2,764.0,2.0
218,9504,8,2,2,4,3,3,3,1,3,2,1,4,4,3,2,1,3,2,1,3,1,4,1,1,3,847.0,5.0
219,9512,10,3,2,1,4,3,3,1,1,2,3,3,4,2,2,1,2,3,1,1,3,3,1,1,3,245.0,2.0
220,9514,11,3,3,3,2,3,4,1,2,3,1,2,2,3,4,1,1,4,1,1,3,4,2,1,4,741.0,1.0
221,9524,2,1,2,2,3,3,3,1,2,1,3,3,3,2,4,1,1,1,1,1,3,3,1,1,1,742.0,5.0
222,9545,6,3,2,2,3,3,3,1,2,3,3,3,4,3,3,1,2,1,2,2,4,3,2,1,2,764.0,2.0
223,9547,12,3,2,2,2,1,2,1,2,2,2,2,4,2,2,1,2,4,2,2,2,2,1,1,2,759.0,6.0
224,9548,11,3,2,3,3,3,3,1,2,2,3,3,3,3,2,1,2,3,2,2,3,3,2,1,2,760.0,2.0
225,9555,7,2,4,3,2,3,4,3,2,1,2,1,2,3,2,4,3,2,1,2,3,2,3,3,2,1022.0,2.0
227,9593,13,4,2,3,3,3,3,1,3,3,2,2,3,2,2,1,2,4,2,2,3,2,2,2,3,739.0,5.0
228,9595,9,4,2,4,3,4,2,1,3,1,2,3,4,3,2,1,1,4,3,1,3,4,1,1,3,1022.0,2.0
229,9599,3,3,3,3,2,3,4,1,2,2,1,3,3,3,4,1,2,2,3,3,2,3,2,1,1,742.0,5.0
231,9650,1,1,2,4,3,2,3,1,2,3,1,4,4,4,3,1,1,2,2,3,3,3,1,1,1,796.0,2.0
232,9661,15,3,4,3,4,4,4,1,2,3,3,4,3,4,4,1,1,3,4,2,4,4,4,1,3,1022.0,2.0
233,9700,15,4,3,3,3,2,4,3,2,4,3,3,3,3,3,3,2,4,3,3,2,3,2,3,3,741.0,1.0
234,9704,7,2,3,2,2,3,3,1,1,1,1,3,3,3,3,1,1,3,4,3,4,2,2,1,2,741.0,1.0
236,9745,12,2,3,2,4,3,3,1,3,3,4,3,2,3,1,1,2,1,3,2,4,4,1,1,2,796.0,2.0
237,9763,11,3,3,3,3,3,3,2,3,4,2,3,3,2,2,2,4,4,2,2,3,2,2,3,3,741.0,1.0
238,9773,9,2,3,3,3,2,2,3,2,2,2,3,3,2,3,2,2,2,2,2,2,3,2,3,2,743.0,5.0
239,9800,2,1,2,2,2,3,3,1,3,1,1,2,3,3,3,1,3,2,1,1,1,3,1,1,2,745.0,5.0
240,9808,8,2,3,3,3,4,3,1,2,2,2,4,3,4,1,1,2,2,3,2,3,4,1,1,2,796.0,2.0
241,9816,6,2,2,3,4,3,1,1,3,1,1,4,3,3,1,1,2,2,2,3,3,3,1,1,3,796.0,2.0
242,9818,15,3,3,3,4,4,4,1,4,1,3,4,4,4,3,1,2,1,2,2,4,4,1,1,4,1022.0,2.0
243,9828,11,3,3,3,3,3,3,1,3,3,3,3,3,3,3,1,3,4,2,1,4,3,2,1,3,759.0,6.0
244,9842,5,3,4,3,3,2,3,1,2,2,1,3,4,3,2,1,2,3,3,2,3,3,1,1,2,765.0,1.0
245,9855,11,3,1,4,3,3,1,1,1,1,1,3,3,4,1,1,1,1,3,2,3,3,3,1,3,760.0,2.0
246,9856,2,4,3,3,3,3,4,1,1,2,2,3,4,3,4,1,1,4,1,2,4,3,1,1,2,792.0,1.0
247,9872,14,2,2,2,3,4,3,1,3,1,2,3,4,3,3,1,2,3,2,1,3,3,2,1,3,742.0,5.0
248,9902,7,3,2,3,3,2,3,3,2,1,1,3,3,3,2,2,2,2,1,2,3,2,2,2,3,766.0,1.0
249,9936,7,2,3,3,3,3,3,1,2,2,2,2,3,3,2,1,2,3,3,2,2,2,2,1,2,796.0,2.0
250,9957,15,4,3,3,3,3,3,1,3,4,4,4,3,2,2,1,3,4,3,2,2,2,1,1,2,765.0,1.0
251,9976,16,4,3,4,4,3,3,1,3,3,3,3,3,3,3,1,3,4,2,2,3,2,1,1,3,751.0,6.0
252,9999,11,2,4,3,3,3,3,1,2,2,3,3,3,2,3,1,2,2,3,1,3,3,1,1,2,763.0,2.0
253,10001,6,3,4,4,3,4,3,1,1,4,1,4,4,4,2,1,1,3,1,1,3,4,1,1,1,763.0,2.0
254,10007,6,2,2,3,3,2,2,1,2,1,2,3,3,2,2,1,1,3,2,2,2,2,1,1,2,750.0,2.0
255,10015,14,4,3,4,3,4,2,1,1,2,3,1,4,1,2,1,1,4,2,3,3,2,2,2,2,219.0,5.0
257,10053,14,3,1,2,3,3,4,1,1,2,1,3,3,2,3,1,1,3,3,1,3,2,4,1,3,739.0,5.0
258,10065,15,3,3,3,3,2,3,1,2,3,3,4,3,3,2,1,2,3,3,2,4,3,2,1,3,759.0,6.0
259,10071,7,2,3,3,3,3,3,1,2,2,3,3,3,3,3,1,1,3,3,3,3,3,2,1,2,743.0,5.0
260,10094,7,2,3,3,4,2,3,1,2,1,3,3,3,3,4,1,2,3,2,2,3,2,2,1,2,741.0,1.0
261,10101,15,4,2,4,4,4,4,4,4,4,3,4,4,3,3,4,2,4,3,2,4,3,2,3,3,763.0,2.0
262,10149,8,2,3,3,3,3,3,2,3,3,2,3,3,3,2,2,1,3,3,4,2,2,1,2,3,745.0,5.0
263,10240,3,2,3,3,3,3,3,1,2,2,2,3,4,3,2,1,2,2,3,3,3,2,1,1,2,762.0,5.0
264,10261,11,3,2,3,2,2,2,1,2,2,3,3,3,3,2,1,3,2,2,3,3,3,2,1,3,762.0,5.0
265,10274,7,1,3,3,3,2,3,1,3,1,3,3,3,3,2,2,2,3,3,2,3,3,2,1,3,763.0,2.0
266,10284,10,4,3,3,3,3,3,1,1,2,4,4,3,3,3,1,1,4,1,2,3,3,3,2,3,780.0,1.0
267,10304,2,3,3,3,2,2,3,2,3,2,3,3,3,3,2,1,2,3,2,2,3,3,2,1,3,796.0,2.0
268,10324,9,4,3,1,3,4,1,1,1,3,4,3,4,1,1,1,1,4,1,1,1,1,1,1,4,749.0,2.0
269,10343,5,3,2,4,3,2,3,1,3,3,3,3,3,2,3,1,2,2,3,3,3,3,2,1,3,742.0,5.0
270,10362,7,2,3,3,4,3,3,1,2,1,3,3,3,3,2,1,2,3,2,3,3,3,2,1,2,749.0,2.0
271,10373,3,4,2,3,3,3,3,1,2,3,2,3,3,2,1,1,2,2,2,3,3,1,1,1,2,1233.0,1.0
272,10381,12,3,3,3,3,3,3,1,2,4,4,3,3,2,3,1,1,4,3,3,3,2,2,1,3,743.0,5.0
273,10385,15,4,3,3,4,4,4,4,3,2,4,4,4,1,4,4,1,4,1,4,1,1,1,4,1,897.0,5.0
274,10406,15,4,2,3,3,3,3,1,2,3,3,4,3,2,2,1,2,3,2,1,4,2,1,1,3,740.0,1.0
276,10481,7,2,2,4,3,4,3,2,4,2,4,3,4,4,3,2,3,2,3,2,4,4,1,1,4,747.0,2.0
277,10486,3,2,3,2,3,3,4,1,3,2,2,3,3,3,3,1,2,3,3,3,4,3,2,1,2,781.0,100.0
279,10523,1,2,1,4,2,3,3,1,1,2,3,2,3,2,2,1,1,3,1,2,3,2,1,1,1,358.0,6.0
280,10533,12,3,3,4,3,3,3,1,3,3,3,3,3,3,3,1,4,3,2,2,3,3,3,1,3,358.0,6.0
281,10551,15,3,1,3,3,3,4,1,3,4,3,4,3,3,3,1,1,2,1,1,3,1,1,1,3,765.0,1.0
282,10562,8,1,3,3,4,4,1,1,1,1,3,3,4,4,1,1,1,3,2,2,2,3,1,1,3,766.0,1.0
283,10564,11,2,3,3,2,3,3,1,2,1,3,2,2,2,2,1,2,1,3,2,3,3,2,1,2,796.0,2.0
284,10582,11,3,2,3,2,3,3,2,2,3,3,3,3,3,2,3,2,3,2,2,2,2,2,2,2,245.0,2.0
285,10597,10,3,2,3,3,2,3,1,3,2,2,3,3,3,3,1,2,4,2,2,3,2,2,1,2,739.0,5.0
286,10598,5,1,3,1,3,3,3,1,3,1,1,2,3,1,2,1,3,3,1,1,2,2,2,1,1,764.0,2.0
287,10610,5,1,3,2,3,2,2,1,2,1,1,3,3,2,1,1,2,1,1,3,2,1,1,1,1,763.0,2.0
288,10612,7,1,3,2,2,3,4,3,2,1,3,3,3,3,3,4,1,3,2,1,2,3,1,3,1,748.0,3.0
289,10620,14,3,2,2,3,2,3,1,1,1,1,2,2,3,3,1,1,2,1,3,2,1,1,1,1,761.0,6.0
290,10635,1,3,2,2,3,3,2,1,1,2,2,2,3,3,2,1,1,3,2,2,2,2,1,1,2,780.0,1.0
291,10656,7,2,2,3,2,3,1,1,2,3,3,3,2,3,1,1,3,2,2,2,3,3,1,1,3,764.0,2.0
292,10668,11,3,3,2,4,2,4,1,3,1,3,4,4,3,3,1,2,1,1,3,3,2,1,1,4,741.0,1.0
294,10721,6,4,2,4,3,2,4,1,1,4,1,4,3,3,2,1,1,2,1,1,2,3,1,1,1,773.0,6.0
295,10725,10,2,1,2,2,3,3,1,1,3,2,2,2,2,4,1,1,3,1,2,2,2,3,1,2,739.0,5.0
296,10738,13,3,3,3,3,4,3,1,3,2,1,3,3,3,3,1,2,3,3,1,3,3,1,1,3,743.0,5.0
297,10743,11,3,3,3,3,3,4,2,3,2,3,4,3,3,4,1,2,3,2,2,4,3,2,2,3,739.0,5.0
298,10748,2,4,3,4,1,4,4,3,2,4,4,1,4,1,3,2,3,2,1,4,3,3,1,2,3,773.0,6.0
301,10788,14,3,2,3,3,3,3,3,1,1,3,3,4,3,3,2,1,2,3,3,3,3,1,2,3,765.0,1.0
302,10821,8,4,2,3,4,2,2,3,1,1,2,4,3,2,1,1,1,4,1,1,3,2,1,2,1,746.0,2.0
303,10861,7,2,3,3,4,3,3,1,3,1,3,4,3,4,2,1,2,1,3,4,4,4,2,1,3,742.0,5.0
304,10867,7,2,2,3,4,3,3,1,2,1,1,4,3,3,3,1,1,1,3,3,3,3,3,1,3,358.0,6.0
305,10882,6,3,2,2,3,2,3,1,2,2,4,2,4,4,2,1,2,2,2,2,4,4,2,1,2,1132.0,2.0
306,10916,15,3,3,4,3,3,4,3,2,2,3,3,3,3,4,4,2,3,2,1,4,3,2,2,2,764.0,2.0
308,10945,13,3,2,2,2,2,3,1,3,4,2,2,3,2,3,1,2,4,2,2,3,2,2,2,3,739.0,5.0
310,10959,5,3,3,3,3,2,3,1,2,3,1,3,3,3,2,1,2,3,3,2,3,3,1,1,2,806.0,2.0
311,10964,10,3,1,3,3,3,3,1,2,2,3,4,3,1,4,1,1,4,1,1,3,3,1,1,3,739.0,5.0
312,10967,7,2,3,3,2,3,3,2,3,2,3,3,3,3,2,2,3,2,3,2,3,3,2,2,2,750.0,2.0
313,10980,10,2,2,3,2,2,2,1,1,1,1,3,3,2,1,1,1,2,1,1,1,1,1,1,1,757.0,1.0
314,11040,7,1,1,3,2,2,3,1,1,1,3,3,3,2,3,1,1,1,1,1,2,2,3,1,2,739.0,5.0
315,11062,11,4,3,1,2,2,4,1,3,3,1,2,3,4,4,1,2,4,2,1,4,2,1,2,3,1137.0,1.0
316,11068,6,3,2,2,2,2,3,2,2,4,2,2,3,2,2,2,2,3,2,2,2,3,2,2,2,750.0,2.0
317,11076,3,3,3,3,3,3,4,2,3,2,3,3,3,3,3,2,1,3,1,1,3,3,1,1,2,32.0,100.0
318,11100,12,3,2,1,4,3,1,1,4,4,1,3,4,4,1,1,3,3,1,1,3,1,1,1,3,739.0,5.0
319,11138,7,4,3,4,4,3,4,1,1,3,4,4,4,4,1,1,1,4,3,1,1,2,1,2,2,162.0,6.0
320,11167,8,4,4,4,4,4,1,1,4,1,3,4,4,4,1,1,3,4,4,3,4,4,1,1,3,751.0,6.0
321,11172,11,3,2,2,3,3,4,3,2,2,2,3,3,2,3,3,2,3,2,1,2,3,1,3,3,739.0,5.0
322,11186,7,3,2,3,4,4,3,1,2,1,3,3,3,3,2,1,2,2,3,1,3,4,1,2,1,740.0,1.0
323,11222,7,1,1,4,4,1,2,2,3,2,3,3,4,4,1,1,4,3,2,2,4,4,1,1,4,766.0,1.0
324,11227,12,4,3,3,4,2,4,1,2,2,2,3,4,4,4,1,3,4,2,2,4,2,1,1,3,739.0,5.0
325,11278,14,4,3,2,2,3,3,2,3,3,3,3,3,4,4,3,3,4,3,2,4,4,3,2,2,759.0,6.0
326,11284,16,2,3,2,4,4,3,1,2,3,3,3,3,3,3,3,3,3,3,3,3,3,3,3,3,1039.0,100.0
327,11422,1,2,2,3,3,2,3,1,3,3,2,3,3,3,3,1,3,3,2,1,3,3,3,1,3,821.0,5.0
328,11428,6,1,2,2,3,3,3,1,2,1,1,3,3,2,3,1,2,1,2,1,3,2,2,1,1,741.0,1.0
329,11490,6,3,3,2,2,3,3,1,1,3,3,2,3,3,3,1,1,2,2,2,2,2,2,1,2,750.0,2.0
330,11503,6,3,2,2,3,2,2,1,2,3,4,3,4,2,2,1,2,2,2,2,3,3,1,2,4,762.0,5.0
331,11547,5,3,3,3,3,3,3,2,3,2,2,3,3,3,1,1,1,1,4,1,4,3,1,1,3,408.0,6.0
332,11550,3,1,4,3,2,4,3,1,3,1,4,3,4,4,2,1,3,2,3,1,3,3,1,1,3,754.0,2.0
333,11555,9,4,1,2,3,3,4,1,2,3,1,4,4,3,2,1,1,4,2,1,4,3,1,1,3,392.0,6.0
334,11556,16,4,2,3,3,2,2,2,4,3,3,3,4,2,2,2,4,2,2,3,3,2,2,2,3,392.0,6.0
335,11604,11,4,2,3,4,3,4,1,3,3,3,3,4,3,2,1,3,3,3,2,4,4,2,1,3,1039.0,100.0
336,11626,7,3,3,3,1,2,3,1,1,3,1,3,3,2,3,1,2,2,1,3,2,2,1,1,2,897.0,5.0
337,11639,2,2,1,3,4,3,4,1,3,3,2,4,4,3,1,1,2,3,1,3,3,2,1,1,3,1039.0,100.0
338,11640,15,3,4,3,3,2,4,1,3,4,3,4,4,3,4,1,2,2,4,4,3,4,4,1,3,1039.0,100.0
339,11645,11,3,4,3,2,3,3,1,3,1,4,3,3,3,1,1,1,3,3,2,4,3,1,1,3,1039.0,100.0
340,11646,8,2,3,3,3,3,2,1,3,2,3,3,3,3,2,1,3,3,3,3,3,3,2,1,3,1039.0,100.0
341,11648,11,4,1,1,4,4,4,1,3,1,1,2,4,3,2,1,3,4,1,1,3,3,1,1,3,1039.0,100.0
342,11650,5,3,3,4,4,4,4,1,1,2,3,3,4,2,2,1,1,2,2,2,4,3,1,1,2,770.0,2.0
343,11651,7,3,3,3,4,4,1,1,1,1,4,3,4,2,1,1,1,3,2,2,3,3,1,1,1,1039.0,100.0
345,11684,1,3,2,3,3,3,2,1,2,3,3,3,4,3,1,1,1,2,2,2,4,1,1,1,2,751.0,6.0
346,11696,8,1,1,3,3,2,3,1,3,1,1,3,3,3,1,1,3,1,2,3,3,2,1,1,3,766.0,1.0
347,11719,5,2,3,3,3,3,3,1,2,2,3,3,3,3,3,1,1,2,3,2,3,3,2,1,2,1043.0,5.0
348,11722,16,3,2,3,3,3,4,1,2,2,2,3,2,2,3,1,2,2,1,1,2,3,3,1,1,1043.0,5.0
349,11723,7,3,3,3,3,2,2,1,3,1,1,3,3,3,2,1,2,1,3,3,2,3,1,1,3,1043.0,5.0
350,11726,7,1,1,4,1,1,1,1,1,1,1,1,1,1,1,1,1,1,1,1,1,1,1,1,1,1044.0,4.0
351,11743,2,2,2,3,2,2,3,1,2,2,2,2,3,1,3,1,1,3,3,3,2,2,2,1,2,1105.0,2.0
352,11756,5,2,3,2,3,3,3,1,2,2,4,3,2,3,3,1,2,1,1,1,3,2,2,1,2,90.0,2.0
353,11788,13,3,2,3,3,2,2,1,1,1,1,3,4,4,1,1,1,4,1,1,3,3,1,1,1,436.0,4.0
354,11792,11,3,3,4,4,3,3,1,3,3,4,4,3,3,2,1,2,3,3,1,4,4,1,1,3,1055.0,5.0
355,11797,8,3,3,4,4,2,3,2,2,3,3,4,3,4,2,1,2,3,3,3,2,2,1,2,3,1055.0,5.0
356,11798,13,3,3,2,2,3,3,2,2,2,2,3,3,2,3,2,2,3,3,2,2,2,2,2,2,1055.0,5.0
357,11800,7,3,3,2,4,4,3,1,3,3,3,3,3,3,3,1,3,4,3,2,3,3,4,1,4,1055.0,5.0
358,11801,6,2,3,3,2,3,3,1,1,2,1,2,3,1,3,1,1,3,2,2,1,2,1,1,1,1055.0,5.0
359,11825,13,3,1,3,1,3,3,2,1,1,3,3,2,1,2,3,1,4,1,1,2,1,1,1,1,1055.0,5.0
360,11826,6,3,4,3,3,3,3,1,3,3,3,3,3,2,3,1,2,4,2,1,2,3,1,1,3,1055.0,5.0
361,11831,6,2,1,2,3,2,2,1,1,2,3,4,3,1,2,1,1,3,2,1,3,3,1,1,2,1055.0,5.0
362,11840,1,3,3,4,2,3,3,1,2,2,1,3,3,2,3,2,2,3,2,3,2,1,2,1,2,1055.0,5.0
363,11855,4,3,3,3,2,2,2,1,2,4,3,3,2,3,2,1,2,2,1,2,2,2,1,1,3,1057.0,6.0
364,11871,10,4,4,4,4,4,4,1,1,4,1,4,4,1,4,1,1,4,1,1,4,1,4,1,1,750.0,2.0
365,11928,4,1,1,1,3,2,1,1,1,1,1,3,3,2,1,1,1,1,1,1,1,3,1,1,1,1054.0,4.0
366,11952,7,2,3,3,3,3,4,2,1,1,2,3,3,2,4,1,2,3,2,2,3,3,2,1,2,1043.0,5.0
367,12003,2,3,2,1,4,2,3,1,1,1,1,3,3,2,1,1,1,1,1,1,4,2,1,1,1,671.0,1.0
368,12139,8,2,3,4,3,4,3,1,3,2,3,4,3,4,2,1,3,3,4,2,3,3,1,1,3,408.0,6.0
369,12160,2,3,1,2,3,2,4,1,1,3,1,2,3,1,3,2,1,4,2,1,2,3,1,1,1,1059.0,5.0
370,12189,5,3,1,2,2,4,3,1,2,4,2,3,4,3,3,1,2,3,2,1,3,2,2,1,2,1073.0,5.0
371,12302,8,3,2,3,4,3,3,1,1,1,3,2,4,2,3,1,1,4,4,2,1,2,2,1,4,1043.0,5.0
372,12480,12,2,3,3,3,3,2,1,3,1,4,3,4,3,1,1,2,1,2,1,3,3,1,1,4,1095.0,2.0
373,12523,10,3,4,2,4,3,3,1,3,1,4,4,4,4,3,1,2,2,2,1,4,4,1,1,3,749.0,2.0
374,12542,2,3,4,3,3,4,3,1,1,4,3,3,3,3,2,1,1,2,2,1,3,1,3,1,2,358.0,6.0
375,12572,11,2,2,2,3,2,3,1,2,1,3,3,4,3,2,1,3,3,2,2,2,3,1,1,3,740.0,1.0
376,12588,13,1,2,4,3,3,3,2,2,1,4,3,3,3,4,2,2,1,3,2,3,3,2,2,2,1078.0,5.0
377,12613,7,3,2,3,4,3,3,3,1,3,2,3,4,3,2,1,2,3,2,4,4,3,2,3,3,1116.0,6.0
378,12674,2,3,3,4,3,2,3,1,3,2,3,3,3,3,2,2,2,2,2,2,3,3,1,1,2,1114.0,6.0
379,12681,6,3,2,2,2,2,3,1,2,4,2,3,3,2,2,1,2,2,2,1,3,3,2,1,2,1114.0,6.0
380,12700,7,2,2,3,3,3,2,1,1,2,2,3,3,3,2,1,1,2,3,3,1,2,2,1,1,1114.0,6.0
381,12733,11,3,3,2,3,3,3,1,2,3,3,3,3,3,3,1,2,4,3,1,3,3,1,1,2,1122.0,5.0
382,12743,10,3,2,1,2,3,3,1,2,3,2,3,3,2,2,2,2,3,2,2,2,2,2,2,2,681.0,6.0
383,12746,7,4,2,2,3,3,3,2,2,3,1,4,3,4,3,3,2,4,2,1,3,3,2,2,2,681.0,6.0
384,12784,11,2,2,1,3,2,3,4,1,2,3,4,3,3,2,4,1,2,2,1,3,2,1,4,3,675.0,3.0
385,12786,6,4,2,2,3,2,3,1,3,2,2,3,3,4,2,1,3,4,3,2,3,4,1,1,2,392.0,6.0
386,12827,11,1,2,3,3,3,3,1,1,1,1,3,4,2,3,2,1,3,2,2,4,2,1,1,1,590.0,6.0
387,12856,11,3,3,2,3,3,3,1,3,2,3,3,3,3,3,2,3,2,3,3,3,3,2,1,2,1137.0,1.0
388,12884,5,3,3,3,3,3,1,1,3,2,1,3,3,2,1,1,2,3,1,3,3,2,1,1,2,815.0,6.0
389,12981,6,3,2,3,3,4,3,2,1,2,1,4,3,3,3,2,2,2,2,2,2,2,2,1,2,590.0,6.0
390,12988,2,3,1,4,3,2,3,1,3,2,2,3,4,3,2,1,2,3,2,2,3,3,1,2,3,1044.0,4.0
391,12995,11,3,2,3,3,3,3,1,1,3,4,3,3,3,2,1,2,2,2,2,3,3,2,1,3,1095.0,2.0
392,13008,7,1,2,2,3,2,4,1,3,1,1,3,4,1,2,1,3,1,3,3,4,3,1,1,4,1083.0,4.0
393,13015,15,3,3,4,4,4,4,1,1,1,1,4,4,4,3,1,1,2,3,2,4,3,1,1,1,1090.0,1.0
394,13041,9,4,2,2,3,3,1,1,1,4,1,3,4,1,1,1,1,3,2,2,4,1,3,1,2,1090.0,1.0
395,13044,6,2,3,3,4,3,3,1,1,3,1,3,4,4,1,1,1,1,1,1,1,1,1,1,1,1089.0,4.0
396,13052,3,1,4,4,3,2,4,1,3,1,3,3,3,3,2,1,1,1,4,3,3,4,1,1,3,1087.0,2.0
397,13057,10,3,3,3,1,2,3,1,2,3,3,2,3,2,3,2,2,3,1,2,3,3,2,1,2,1088.0,1.0
398,13058,2,3,1,2,2,3,3,1,2,3,3,3,3,2,2,1,2,3,2,3,3,3,2,1,2,1097.0,6.0
399,13061,16,3,1,3,3,3,3,2,2,2,2,3,3,2,2,2,2,3,3,3,3,3,2,2,3,590.0,6.0
400,13079,6,2,4,3,3,4,2,1,2,2,3,4,4,3,1,1,2,3,3,3,3,3,1,1,2,1087.0,2.0
401,13082,11,3,3,3,3,4,2,1,1,2,3,3,4,4,2,1,1,2,3,2,4,4,2,1,1,1052.0,1.0
402,13097,6,4,3,3,3,3,2,1,2,1,1,3,2,3,2,1,1,3,3,3,3,3,1,1,2,1112.0,6.0
403,13101,6,3,3,1,3,3,3,1,2,3,1,3,3,2,2,1,1,3,2,2,3,2,1,1,3,1062.0,4.0
404,13106,8,4,4,4,4,4,4,1,4,1,4,4,4,4,4,1,4,4,4,4,4,4,2,1,4,1090.0,1.0
405,13108,5,2,2,1,3,2,3,1,2,2,3,3,4,3,1,1,1,3,1,1,2,2,1,1,2,1056.0,1.0
406,13121,3,3,1,1,4,2,3,1,3,2,1,3,3,3,3,1,3,4,2,1,3,2,2,2,3,1106.0,1.0
407,13158,15,3,3,3,4,4,3,1,2,1,2,3,4,4,3,1,2,3,3,2,4,4,2,1,2,1063.0,1.0
408,13162,8,1,2,3,3,2,1,3,2,1,1,3,2,3,1,2,3,1,3,1,2,2,1,3,3,1062.0,4.0
409,13270,10,3,1,4,4,3,3,1,1,2,1,4,4,2,1,1,2,3,2,1,4,4,2,1,3,1088.0,1.0
410,13295,6,3,2,3,3,2,3,2,2,4,2,3,3,2,3,2,2,3,2,2,3,2,2,2,3,777.0,6.0
411,13340,2,3,1,3,4,4,1,1,3,4,3,3,4,3,1,1,2,4,1,1,3,1,1,1,1,1134.0,1.0
412,13352,3,1,2,3,3,3,2,1,1,1,1,1,4,4,1,1,1,3,3,4,2,1,1,1,4,766.0,1.0
413,13400,10,3,2,2,3,3,3,3,2,3,3,3,3,3,3,3,2,4,2,2,3,3,2,3,2,1112.0,6.0
414,13492,1,3,3,1,1,3,3,1,1,3,3,3,2,1,2,1,1,3,3,3,3,3,1,1,2,1132.0,2.0
415,13540,8,3,4,4,3,3,3,2,3,3,2,4,4,4,3,2,2,1,4,3,3,3,2,2,3,806.0,2.0
416,13587,5,2,3,3,3,2,3,1,2,2,3,3,3,3,3,1,2,2,3,2,4,3,2,1,3,1044.0,4.0
417,13594,11,4,4,3,4,3,3,1,3,3,4,3,2,3,2,1,1,3,3,2,4,4,2,2,3,590.0,6.0
418,13604,5,3,3,3,4,4,4,1,1,2,2,4,4,3,4,1,1,4,4,3,4,2,3,1,2,1090.0,1.0
420,13671,13,4,1,4,4,3,3,1,1,4,2,2,2,1,3,1,1,4,2,1,2,1,3,1,1,1136.0,6.0
421,13673,8,3,3,4,4,4,2,2,3,2,4,4,4,4,3,1,3,4,3,3,3,4,1,1,3,1123.0,2.0
422,13698,13,4,2,2,3,4,3,1,2,4,2,3,3,1,2,1,2,4,1,2,2,2,1,1,3,1112.0,6.0
423,13720,8,3,2,3,4,3,2,1,4,4,3,4,4,3,1,1,2,3,2,2,4,2,1,1,4,1088.0,1.0
424,13727,11,4,3,3,3,3,3,1,2,3,2,3,4,2,1,1,1,3,3,2,3,3,1,1,2,681.0,6.0
425,13782,12,4,2,3,3,4,3,1,2,3,3,3,4,3,2,1,2,4,1,1,3,2,1,1,3,1136.0,6.0
426,13807,8,1,3,4,3,3,3,2,2,2,3,4,3,3,3,2,1,2,3,3,2,2,3,1,2,1126.0,1.0
427,14083,10,3,2,2,4,3,3,1,1,1,1,3,4,1,2,1,1,2,2,3,2,2,3,1,2,1088.0,1.0
428,14264,12,3,3,2,3,4,3,2,3,2,3,4,3,4,3,2,3,3,4,3,4,3,3,2,3,224.0,2.0
429,14320,11,3,3,2,3,2,4,1,3,2,4,3,3,4,4,1,3,4,3,3,4,4,1,1,3,768.0,1.0
430,14439,5,4,2,3,4,4,3,1,3,3,4,3,3,3,3,1,2,4,2,2,2,2,1,2,3,1132.0,2.0
431,14513,8,3,4,3,3,4,3,3,3,2,4,3,4,3,3,3,3,3,3,4,2,3,3,2,3,1131.0,2.0
432,14533,16,2,3,4,4,4,4,1,3,2,3,4,4,4,3,1,1,2,4,3,2,2,3,1,4,1085.0,4.0
433,14534,6,2,3,2,3,3,2,1,1,1,4,3,3,3,2,1,1,1,1,1,1,2,1,1,1,1041.0,2.0
434,14537,3,2,2,3,3,3,4,2,2,1,3,3,3,2,4,2,2,1,3,4,2,3,2,1,2,1098.0,5.0
435,14559,7,1,2,3,4,4,3,1,2,1,2,3,4,4,3,1,2,2,3,4,4,3,3,1,2,1094.0,4.0
436,14574,15,3,4,4,4,4,4,1,4,1,4,3,3,4,3,1,4,1,4,3,3,4,2,1,3,1042.0,2.0
437,14577,6,2,2,3,3,3,4,1,3,2,2,3,3,3,3,1,2,1,3,1,3,3,1,1,2,1089.0,4.0
438,14581,6,3,2,4,4,2,3,1,3,3,2,4,4,4,2,1,2,3,2,1,3,4,1,1,3,1087.0,2.0
439,14602,1,2,4,3,4,4,3,1,2,2,3,4,3,3,4,1,2,2,3,3,3,3,1,1,3,1087.0,2.0
440,14606,16,3,3,3,2,3,2,1,2,4,2,3,3,2,1,1,2,3,3,3,2,2,1,1,2,1090.0,1.0
441,14616,4,3,2,3,3,1,4,1,1,4,3,3,4,3,1,1,1,4,2,3,2,3,1,1,4,1045.0,4.0
442,14664,13,3,2,3,3,3,3,1,1,1,3,3,4,2,2,1,1,2,3,2,3,3,1,1,2,1090.0,1.0
443,14701,1,3,2,2,2,2,2,1,1,3,1,1,3,1,1,1,1,4,1,3,1,1,1,1,1,1112.0,6.0
444,14715,12,3,2,3,3,2,2,1,3,3,2,4,4,3,1,1,2,3,3,3,3,2,1,1,3,1090.0,1.0
445,14723,15,3,4,3,3,4,3,1,3,2,3,3,3,4,3,1,3,2,3,3,3,3,1,1,3,1099.0,2.0
446,14751,11,3,2,3,3,3,4,1,3,2,3,3,3,3,4,1,2,3,2,3,3,3,2,1,3,1094.0,4.0
447,14793,11,2,3,2,3,4,3,2,4,1,4,4,4,4,2,1,4,2,3,1,4,4,3,1,4,1054.0,4.0
448,14814,14,1,1,4,4,3,4,1,1,1,2,2,3,1,2,1,1,3,1,3,4,1,3,1,2,1054.0,4.0
449,14816,1,3,1,4,4,4,1,1,1,1,1,4,3,3,1,1,1,4,3,3,3,3,1,1,3,1090.0,1.0
450,14910,14,3,3,3,3,3,3,1,2,2,1,3,3,1,3,1,2,3,3,2,3,3,2,1,2,821.0,5.0
451,15099,7,2,3,2,3,3,3,1,2,3,3,3,3,2,3,1,1,2,2,1,2,2,1,1,1,815.0,6.0
452,15160,2,3,3,3,4,3,3,2,2,2,3,3,3,3,2,2,2,3,2,3,4,3,3,1,3,770.0,2.0
453,15193,3,3,3,3,3,3,4,1,2,2,3,3,3,3,2,1,2,4,3,1,3,3,2,1,3,49.0,2.0
454,15436,11,3,4,4,4,4,3,3,3,2,3,4,3,3,2,3,3,2,3,3,4,4,2,4,4,766.0,1.0
455,15481,12,3,4,3,4,3,3,1,1,1,3,4,3,4,3,1,1,1,1,1,3,3,1,1,1,1122.0,5.0
