user_id,mbti,q1,q2,q3,q4,q5,q6,q7,q8,q9,q10,q11,q12,q13,q14,q15,q16,q17,q18,q19,q20,q21,q22,q23,q24
20,12,3,3,3,3,3,3,1,3,2,3,3,3,4,1,1,3,3,4,1,3,4,1,1,3
32,12,1,3,3,3,4,1,1,3,1,3,3,1,4,1,1,4,3,3,1,3,4,1,1,3
84,2,1,4,4,4,4,1,1,3,3,4,3,2,3,2,4,3,3,2,2,2,3,2,3,3
396,6,2,2,2,2,2,2,1,1,2,1,3,3,2,1,1,1,2,1,1,3,2,1,1,1
421,6,1,1,4,3,1,3,1,1,1,1,4,2,3,1,1,1,1,1,1,1,1,1,1,3
447,14,4,2,4,3,3,4,1,2,3,3,2,3,2,2,1,1,3,2,2,3,3,2,1,3
459,15,3,3,3,4,3,4,1,4,4,4,4,4,4,1,1,1,4,1,1,4,4,1,1,4
534,15,1,3,3,3,4,4,1,2,2,2,4,4,4,4,1,2,4,4,3,4,4,3,1,2
581,14,2,3,4,3,3,3,3,3,2,3,4,3,3,2,2,2,3,3,2,3,3,1,4,3
754,4,2,4,4,4,4,2,2,3,2,2,3,2,4,2,1,2,3,4,3,3,3,2,1,3
813,15,3,3,3,4,4,3,1,2,3,3,4,3,4,2,1,2,4,2,1,3,3,1,1,3
857,6,2,3,3,3,3,3,2,3,2,3,3,3,3,3,2,2,3,3,2,3,3,3,2,3
899,12,4,3,3,2,3,2,1,3,4,2,2,3,2,1,1,2,4,3,2,3,3,1,1,3
906,7,3,1,1,2,2,2,1,2,3,1,3,4,3,1,1,2,3,2,2,3,2,1,1,2
1031,6,2,2,2,3,2,2,2,2,2,2,3,3,2,2,2,2,2,2,3,2,2,2,2,2
1173,3,2,3,3,2,2,3,1,3,2,4,3,3,3,3,1,2,3,3,2,2,3,2,1,3
1205,11,4,3,3,4,2,3,3,3,3,1,3,4,3,3,4,2,4,2,2,3,1,2,2,2
1247,7,1,2,4,3,3,3,1,3,2,1,4,3,3,1,1,3,3,3,3,4,4,2,1,3
1368,7,3,4,3,3,2,3,4,2,2,3,3,2,3,1,2,1,2,2,2,3,3,2,4,3
1575,6,4,1,1,2,3,3,1,1,3,1,3,3,3,2,1,2,3,1,3,2,1,2,2,2
1779,2,2,3,3,3,2,3,2,3,2,3,2,3,3,2,2,3,3,3,2,3,3,2,2,2
1898,1,2,3,3,3,2,3,3,2,2,3,3,3,3,2,2,2,2,2,2,3,3,3,2,2
2009,16,1,1,4,3,4,3,1,1,3,1,3,3,3,3,1,3,3,4,3,2,3,2,2,2
2028,15,4,2,3,3,2,3,3,2,3,1,4,3,2,2,3,1,4,1,1,3,4,1,2,2
2079,11,3,1,3,2,2,3,1,3,3,2,3,3,3,3,1,1,1,1,1,3,3,1,1,3
2128,11,2,4,3,3,4,3,1,1,1,4,4,3,4,1,1,1,1,1,1,3,3,1,1,2
2278,6,4,2,3,3,2,3,1,2,2,1,3,2,1,1,1,2,1,2,3,2,2,1,1,1
2327,11,3,3,3,3,2,3,4,1,2,3,2,2,2,3,3,1,4,2,2,2,2,2,4,1
2365,15,2,2,2,2,3,3,4,2,3,2,2,2,2,3,3,2,2,2,2,2,3,3,3,2
2477,10,3,3,2,3,2,3,1,2,4,4,3,4,3,3,1,3,4,4,3,3,3,3,1,2
2514,15,4,4,4,4,3,4,1,2,1,4,4,4,4,3,1,1,4,3,3,4,4,2,1,4
2524,14,4,3,3,2,2,4,4,1,3,2,3,2,2,3,4,2,4,1,1,1,2,3,4,3
2615,15,3,3,3,1,3,3,1,2,4,1,4,3,1,4,1,1,1,1,3,4,3,1,3,1
2681,1,4,2,3,4,3,3,1,2,3,3,4,2,3,3,1,1,4,3,2,2,3,1,1,3
2691,7,2,3,3,3,1,3,3,3,1,2,4,3,3,3,1,3,3,3,3,3,3,1,1,3
2727,9,3,1,1,4,3,2,1,3,4,2,3,3,1,2,1,2,3,1,1,4,1,1,1,3
2770,6,3,3,3,1,2,3,1,1,3,4,3,4,3,3,1,1,3,3,3,3,4,1,1,2
2797,11,4,2,3,3,3,3,4,3,2,3,3,3,3,3,3,2,3,3,2,2,3,2,3,2
2801,1,3,2,3,3,3,2,1,3,2,3,3,4,4,3,1,2,3,2,1,3,2,2,1,3
2823,9,3,4,3,4,4,4,3,2,3,3,3,3,2,4,2,2,3,3,3,3,3,3,3,3
2871,9,3,3,3,3,4,3,1,3,2,3,4,3,3,2,1,2,3,2,2,3,3,2,1,2
2954,7,1,2,3,2,3,4,4,1,3,2,2,2,4,4,3,1,2,3,1,2,3,1,4,1
3035,12,4,4,3,1,4,4,1,2,3,1,3,4,3,1,1,2,4,2,1,4,2,1,1,3
3036,11,3,2,3,3,3,2,2,2,2,2,3,3,3,2,2,2,3,3,2,3,3,2,2,2
3879,14,4,4,4,4,4,4,4,4,4,4,4,4,4,4,4,4,4,4,4,4,4,4,4,4
3953,15,4,2,3,2,2,3,1,3,3,2,3,3,3,2,1,3,3,2,2,4,4,2,1,3
3958,8,4,3,4,4,2,2,1,3,4,3,4,4,3,2,1,3,4,2,3,3,3,3,1,3
4048,6,3,4,2,3,3,4,1,1,3,3,3,3,1,2,1,1,4,2,2,3,3,2,1,1
4170,7,1,2,2,3,4,4,1,3,2,4,4,3,4,4,1,3,1,2,3,4,4,1,1,3
4368,15,3,3,3,3,2,3,4,2,1,3,2,2,3,3,3,3,2,3,2,3,3,2,4,2
4404,2,4,3,3,2,2,3,1,2,4,2,2,3,2,3,1,2,4,2,2,3,3,1,1,2
4596,12,3,1,3,3,3,1,1,1,3,4,3,3,3,1,1,1,4,4,1,3,4,1,1,2
4648,12,4,1,2,3,3,4,1,3,4,4,3,3,3,2,1,4,2,1,1,2,4,1,1,3
4667,15,3,2,3,4,3,4,1,3,1,3,4,4,4,2,1,3,2,3,2,4,4,1,1,3
4716,7,3,1,3,4,3,2,1,3,4,3,3,3,4,1,1,2,4,3,3,2,2,1,1,4
4776,14,2,3,3,3,2,4,1,2,1,2,4,3,3,4,1,2,2,3,3,3,3,2,1,1
5050,11,2,2,4,4,4,4,2,2,1,1,3,4,1,3,1,1,1,1,1,2,4,2,1,2
5138,7,4,4,4,3,2,2,3,4,3,3,3,2,2,2,2,2,3,3,3,3,3,1,3,2
5351,15,4,4,3,2,1,1,1,1,1,1,1,1,1,1,1,1,1,1,1,1,1,1,1,1
5405,12,4,4,4,3,2,1,3,2,4,3,2,4,2,3,4,2,3,4,2,3,4,2,3,4
5406,1,4,3,3,3,3,3,3,3,4,3,3,3,3,3,3,3,4,3,3,3,3,3,3,3
5571,6,3,3,3,3,2,4,4,2,4,3,2,2,3,3,3,2,4,3,2,3,3,3,3,3
5573,15,3,4,3,3,2,3,4,2,2,3,3,3,3,3,3,2,2,3,3,3,3,3,4,2
5686,7,2,3,2,3,3,3,1,2,2,3,3,3,3,3,1,3,3,2,2,2,3,1,1,3
5692,14,4,2,2,3,3,3,1,2,2,2,2,3,2,1,1,1,4,2,1,3,3,1,1,2
5779,14,4,4,4,4,4,4,4,4,4,4,3,4,3,4,2,3,4,3,4,3,4,3,4,3
6021,13,2,2,1,2,2,2,1,1,2,1,2,4,2,2,1,1,1,1,1,2,2,1,1,2
6228,11,1,1,1,1,1,1,1,4,1,1,1,1,1,1,1,1,1,1,1,1,1,4,1,4
6337,11,3,3,3,3,2,3,2,3,2,3,3,3,4,2,2,3,4,1,2,3,3,2,1,2
6520,12,3,2,3,4,3,3,1,3,1,3,3,4,3,2,1,2,2,1,1,2,3,1,1,4
6647,7,1,1,1,2,3,1,1,1,2,1,2,3,1,1,1,1,1,1,1,2,1,1,1,2
6877,1,3,3,4,3,3,3,1,2,4,3,3,3,3,3,1,2,3,3,3,3,3,2,1,3
6901,11,3,3,2,3,4,4,1,3,1,3,3,3,2,3,1,2,2,3,2,2,4,1,1,3
6907,11,4,2,3,4,3,3,1,2,3,3,3,3,3,2,1,4,4,3,3,3,3,1,2,2
6912,9,3,3,1,3,2,2,1,3,4,1,3,4,2,2,1,2,2,1,1,3,2,1,1,3
6914,6,3,3,3,3,3,3,3,3,3,3,3,4,2,3,4,3,4,3,4,2,4,2,4,3
6920,8,3,1,3,4,3,3,1,1,1,2,2,3,2,1,1,1,2,1,2,2,2,1,1,3
6922,5,3,3,3,4,3,1,1,1,1,3,3,3,3,1,1,2,3,1,1,3,3,1,1,3
6943,15,4,4,3,3,4,4,2,3,4,3,3,3,3,3,1,3,3,3,3,3,3,3,3,3
6962,7,2,3,2,3,3,3,1,2,3,4,3,3,3,2,1,2,3,3,3,3,3,1,1,2
6968,7,4,2,3,3,3,3,1,2,3,2,3,3,2,3,1,2,3,1,3,2,2,2,1,2
6990,15,3,3,3,2,3,3,1,2,1,2,3,3,3,2,1,2,3,4,2,3,2,2,2,2
6995,6,1,3,3,2,2,3,1,1,1,2,3,2,3,1,1,1,1,3,1,3,3,1,1,1
7003,7,2,2,2,3,3,3,1,1,1,1,3,3,3,3,1,1,2,1,3,3,3,1,1,3
7005,11,2,2,3,3,3,2,2,3,2,2,3,3,3,2,2,3,3,3,2,3,3,2,2,2
7006,7,3,3,3,3,3,3,1,2,3,3,3,3,3,3,1,2,3,3,3,2,3,3,1,3
7007,14,3,2,1,3,3,3,1,2,3,1,3,3,2,3,1,3,2,2,2,3,2,3,1,1
7018,10,3,2,2,2,2,3,3,2,3,2,3,3,2,2,3,2,3,2,2,2,2,2,3,2
7040,8,4,1,4,4,4,2,1,1,2,2,3,3,1,3,4,1,4,1,1,1,4,1,1,1
7048,14,4,2,3,3,3,4,1,3,4,2,3,3,3,3,2,2,4,2,3,3,3,2,1,3
7094,2,2,3,3,3,2,3,2,3,1,1,2,3,2,3,1,3,1,3,2,3,3,1,2,2
7117,2,2,3,3,2,3,3,1,1,2,1,2,4,2,1,3,1,2,1,2,3,3,1,1,2
7130,14,3,4,2,3,3,2,1,3,4,3,4,4,4,1,1,4,4,4,3,4,4,1,1,4
7131,1,3,2,3,3,3,3,1,3,3,1,3,3,2,2,1,2,3,1,1,1,1,1,1,3
7152,15,3,2,3,3,3,3,1,3,4,3,3,3,2,2,1,2,3,3,1,3,2,1,1,3
7160,11,4,4,3,4,3,3,1,3,3,4,4,4,4,2,1,2,3,3,2,4,3,4,1,4
7196,13,4,1,2,4,4,2,1,4,4,3,4,4,2,1,1,2,4,1,1,1,1,1,1,3
7197,4,3,4,4,4,4,1,1,1,2,3,4,4,4,4,1,2,4,3,4,4,1,1,1,2
7200,3,3,1,3,3,3,2,1,2,3,1,3,3,3,2,1,3,4,1,2,2,2,1,1,3
7202,6,4,2,2,2,4,3,1,2,2,3,4,4,4,2,1,1,3,1,1,3,3,1,1,3
7230,11,3,3,4,4,4,4,1,2,3,4,3,4,3,4,1,3,1,3,3,4,4,1,1,3
7249,7,2,3,3,3,3,3,1,2,1,3,3,3,2,2,1,2,2,3,2,3,2,1,1,2
7301,7,1,3,4,4,4,2,1,1,1,4,4,4,4,1,1,1,1,3,1,3,4,1,1,3
7304,4,3,1,4,4,4,2,3,1,1,4,4,4,3,1,4,1,3,3,1,4,3,1,2,3
7385,4,1,1,4,3,4,2,1,1,3,1,3,3,3,1,1,1,1,1,1,3,3,3,1,3
7386,15,2,3,3,4,3,3,2,2,1,4,3,3,3,3,2,1,3,2,3,3,2,2,2,3
7388,16,3,4,4,4,4,2,4,4,3,3,4,3,4,2,4,3,4,3,4,4,4,1,3,4
7416,1,4,3,1,4,4,1,1,1,3,1,4,4,1,1,1,1,4,1,1,3,1,1,1,1
7428,9,3,2,3,4,3,3,1,1,3,3,3,3,2,3,1,1,4,2,2,3,2,2,1,2
7434,12,4,4,4,4,3,2,1,3,3,4,4,3,4,3,1,3,4,4,3,3,4,3,1,4
7473,11,3,3,3,4,2,3,1,3,4,3,4,3,3,2,1,3,3,4,3,3,4,1,1,2
7486,10,4,3,1,2,2,2,1,3,4,3,2,3,2,2,1,3,4,2,1,2,2,1,1,4
7492,3,1,4,3,3,2,3,1,1,2,1,3,3,3,2,1,2,2,4,3,2,2,2,1,1
7506,5,4,2,3,3,2,3,1,3,3,2,3,3,2,2,1,2,3,2,3,3,2,2,1,2
7508,11,3,4,1,3,4,4,1,1,3,4,4,4,3,2,1,1,2,1,1,4,4,1,1,2
7515,13,1,2,3,3,2,1,1,2,1,1,3,3,2,1,1,2,1,3,3,3,3,1,1,3
7519,15,2,3,3,3,3,3,3,3,2,3,3,3,3,3,3,3,2,2,2,3,3,2,3,3
7540,10,4,4,2,3,3,1,1,1,1,4,2,3,2,1,1,1,2,1,1,3,3,1,1,2
7546,12,3,3,3,3,2,3,2,4,3,3,4,3,4,3,2,3,2,3,3,3,3,2,1,3
7552,1,3,3,4,4,3,3,1,2,2,2,3,2,2,3,1,2,3,2,3,2,2,1,1,2
7566,6,1,3,1,1,3,2,2,2,2,2,2,2,2,2,2,2,3,2,2,3,2,2,2,2
7568,16,4,4,2,4,3,3,1,2,2,4,4,3,4,2,1,2,4,4,2,4,3,1,1,4
7590,11,2,3,3,3,4,3,1,1,1,2,3,3,4,2,1,1,2,2,2,2,3,1,1,3
7593,2,3,2,3,3,3,3,1,2,2,3,3,3,2,3,1,2,2,2,2,2,2,2,1,2
7601,14,4,1,3,3,4,3,1,1,3,3,4,4,3,3,1,1,4,1,3,1,3,1,1,3
7603,4,4,3,3,4,4,2,1,2,4,2,3,4,3,2,1,2,4,2,3,2,3,1,1,2
7607,1,3,1,3,2,2,3,1,3,4,1,2,2,1,1,1,2,4,1,2,1,1,1,1,1
7609,7,3,4,3,3,4,4,1,3,4,4,4,4,4,1,1,3,4,4,2,4,4,1,1,3
7614,14,4,2,3,2,3,3,1,2,3,3,3,3,2,2,3,2,4,2,2,3,3,2,1,3
7616,13,3,2,4,2,4,3,1,1,1,1,2,3,3,4,1,1,3,2,4,2,4,1,1,1
7634,13,3,2,1,3,2,1,1,1,1,1,3,3,1,1,1,1,3,2,3,1,2,1,1,1
7656,11,3,3,3,3,3,3,1,2,2,4,3,3,3,3,1,2,3,3,3,3,3,1,1,3
7659,2,2,3,2,2,4,3,1,1,1,3,3,4,4,2,1,1,1,1,2,1,3,1,1,1
7672,4,3,2,3,3,3,2,2,2,2,3,3,3,2,2,2,2,3,2,2,3,2,2,2,2
7674,7,2,3,3,3,2,3,4,2,3,3,3,3,3,3,4,2,4,3,2,3,3,3,4,2
7684,8,3,4,3,4,1,2,1,1,1,3,3,4,4,2,1,1,3,3,4,3,3,2,1,3
7687,16,3,3,3,4,3,2,1,2,3,1,3,3,2,3,1,2,4,3,3,3,3,2,1,3
7688,14,4,3,3,3,3,3,1,1,1,1,4,2,1,1,1,1,4,1,1,1,3,1,1,1
7703,13,1,1,4,1,4,3,1,1,1,1,1,1,1,1,1,1,1,1,1,1,1,1,1,1
7706,1,1,3,2,3,1,3,1,1,1,3,2,3,2,3,1,1,1,1,1,3,1,3,1,2
7709,11,3,2,2,4,3,4,3,4,3,4,3,4,4,4,3,3,4,2,2,3,3,1,3,3
7729,6,3,3,3,3,2,3,3,2,2,4,4,3,3,3,3,2,3,1,2,3,3,2,3,3
7733,15,4,4,3,3,3,4,1,2,2,3,3,3,3,3,3,2,3,3,1,3,3,1,1,3
7744,11,2,2,2,3,3,2,1,2,1,1,3,3,3,1,1,2,1,2,3,2,2,2,1,3
7757,9,3,2,3,2,3,4,1,3,1,1,4,3,3,4,1,3,4,3,3,2,3,4,1,3
7759,3,2,2,3,4,4,3,1,3,1,3,3,3,2,3,1,2,3,2,2,2,2,2,1,2
7775,7,4,4,4,1,1,2,1,1,1,3,3,1,3,1,1,1,3,1,1,1,2,1,1,1
7778,16,2,4,3,4,4,3,1,3,3,4,2,4,3,3,1,3,1,4,2,4,3,1,1,4
7779,10,3,3,2,3,2,3,1,3,3,3,3,3,3,3,1,2,3,1,2,3,2,2,1,3
7790,13,4,3,3,4,3,2,1,1,3,3,4,3,1,2,1,2,4,2,1,4,3,3,1,1
7793,13,3,3,4,4,3,3,1,1,3,4,3,3,2,3,1,1,3,2,2,4,3,3,1,1
7795,6,2,3,1,2,2,3,1,1,1,2,2,2,1,2,1,1,3,1,1,2,1,1,2,1
7796,11,2,3,3,3,3,3,1,3,3,3,3,3,3,3,1,2,3,3,2,3,3,2,1,3
7808,14,3,4,2,3,3,2,1,3,2,3,3,4,3,1,1,2,3,3,1,3,3,3,1,3
7820,14,4,2,3,3,2,3,1,3,3,2,3,3,3,3,1,2,3,2,2,3,2,1,1,2
7825,8,4,3,3,3,3,2,2,1,3,4,3,4,3,1,1,1,4,3,1,4,3,1,1,3
7826,4,2,4,4,3,4,2,1,3,2,4,4,4,4,2,1,4,4,2,3,1,4,1,3,4
7830,16,4,2,3,3,2,3,1,3,2,2,3,4,3,2,1,4,3,4,1,4,3,1,1,3
7858,8,1,2,3,2,4,1,1,1,1,2,3,3,4,1,1,1,2,3,1,2,3,1,1,3
7868,1,4,4,4,3,3,2,1,2,4,3,4,2,2,1,1,1,4,1,1,2,1,3,1,1
7870,11,3,2,3,2,3,4,1,1,3,2,3,3,3,4,1,2,2,3,2,2,3,3,1,2
7873,15,2,1,2,4,3,3,1,1,3,1,4,3,1,2,1,1,3,1,1,3,2,1,1,1
7878,7,3,3,1,3,2,3,3,1,2,1,3,3,1,3,2,1,1,2,2,1,3,2,3,2
7884,10,4,3,2,4,4,3,1,1,4,1,4,4,1,1,1,1,4,1,1,3,1,1,1,1
7885,6,3,1,2,3,3,3,2,2,3,2,3,3,2,3,2,2,3,2,3,2,2,2,3,3
7886,7,1,1,4,4,4,2,1,3,3,3,3,3,3,3,1,3,3,1,3,1,3,3,3,3
7890,5,2,1,3,3,2,3,1,2,3,1,3,4,2,3,1,2,2,1,1,3,2,1,1,2
7899,16,3,2,4,3,4,2,3,3,3,3,4,3,3,2,2,3,4,3,3,2,3,1,3,3
7900,1,3,1,3,4,2,3,1,1,2,1,3,4,2,3,1,1,2,1,3,3,3,1,1,1
7906,7,2,2,3,3,3,3,1,1,1,1,3,1,3,1,1,1,4,2,3,1,3,1,1,3
7907,2,3,3,3,3,3,4,1,2,3,2,3,3,3,3,2,2,3,2,2,2,2,2,2,2
7911,2,3,1,3,3,3,4,1,2,3,3,3,3,2,2,2,1,4,1,2,3,2,2,1,2
7916,11,3,3,3,3,2,4,1,2,3,3,4,3,3,2,1,3,2,2,3,3,2,3,1,3
7917,3,2,3,3,3,2,2,1,1,3,1,3,3,3,1,1,1,2,3,1,1,3,1,1,2
7918,14,3,3,3,3,3,3,1,3,3,3,3,3,3,3,1,2,3,3,2,3,3,2,1,3
7921,10,2,1,3,2,2,3,1,3,1,1,3,2,3,2,1,2,3,2,1,3,3,1,1,2
7924,2,4,4,4,4,4,4,1,3,3,3,4,4,3,3,1,2,4,3,3,4,4,1,1,3
7940,12,3,2,4,3,2,2,1,3,1,2,3,3,3,2,1,2,4,2,1,3,2,1,2,3
7941,11,3,4,3,3,3,3,2,3,3,3,3,2,3,2,2,4,4,3,3,3,3,2,2,3
7942,12,4,4,4,4,4,4,1,4,1,4,4,4,4,3,1,4,3,3,3,3,4,1,1,3
7949,1,4,2,3,2,3,3,1,2,4,1,3,3,2,3,2,1,4,2,2,2,2,2,3,3
7957,11,4,3,3,2,3,3,1,3,3,2,3,4,2,3,1,2,3,3,3,3,2,1,1,2
7964,11,3,3,2,3,2,3,3,3,3,3,3,3,3,2,2,3,3,3,3,3,3,2,3,3
7966,1,3,4,3,3,4,2,1,1,1,1,3,4,2,1,1,1,2,2,1,1,2,1,1,2
7977,6,3,2,3,2,2,3,4,3,3,3,3,3,2,3,3,2,4,1,1,2,3,2,4,2
7980,11,2,4,4,4,4,4,1,1,1,4,4,4,4,4,1,1,1,1,3,4,4,3,1,4
7983,2,4,3,3,2,3,4,1,1,4,3,3,3,1,4,1,1,4,2,2,2,3,1,1,2
7984,11,2,3,3,3,3,3,1,2,3,3,2,3,3,3,1,2,3,3,3,3,2,2,1,2
7985,15,4,3,3,3,3,4,1,1,2,1,4,3,4,1,1,2,4,4,4,3,3,1,1,3
7987,2,4,2,2,3,3,3,3,2,2,3,3,3,2,2,3,2,3,2,2,2,2,2,3,3
7991,4,2,3,4,3,3,2,2,2,1,2,4,3,4,1,1,2,2,4,2,2,3,1,1,3
7995,3,2,2,2,3,3,3,1,3,1,2,3,3,3,2,1,3,1,3,2,2,2,2,1,3
7996,15,2,3,3,3,2,3,3,3,2,3,3,3,3,2,3,3,2,3,2,3,3,2,3,3
7997,11,3,3,2,2,4,4,1,2,2,3,3,2,2,2,1,2,3,1,1,4,3,1,1,3
8002,13,3,4,4,3,4,3,1,3,3,4,4,4,3,3,1,3,3,4,1,3,3,1,1,3
8008,6,3,3,3,3,2,3,1,2,2,3,3,3,1,3,1,2,3,3,3,3,3,1,1,1
8010,6,2,3,3,3,4,3,2,3,3,3,2,3,2,2,2,2,3,3,2,3,3,2,2,3
8012,3,2,2,3,3,3,3,3,2,3,3,3,3,3,2,2,2,3,3,3,3,3,3,3,3
8019,7,3,1,2,2,4,3,1,2,2,1,3,4,2,1,2,1,3,2,2,3,3,1,1,2
8031,10,3,2,4,3,4,3,2,3,3,1,3,3,3,3,2,3,3,3,2,2,4,1,3,3
8034,4,3,1,3,3,3,3,1,3,2,2,3,3,3,2,1,2,3,2,1,3,3,1,1,3
8036,15,4,3,2,4,4,4,1,3,2,4,3,4,2,2,1,2,2,1,1,2,4,1,1,3
8037,13,3,3,1,3,1,3,1,1,1,3,3,3,1,3,1,1,1,1,1,1,1,1,1,1
8050,8,3,2,3,4,3,2,3,3,2,2,4,4,4,2,2,3,2,3,3,2,3,3,3,3
8052,5,3,3,4,3,4,2,1,3,3,3,3,3,4,2,1,3,4,1,1,3,3,2,1,3
8055,11,3,3,2,4,3,3,2,4,3,3,3,4,4,3,2,4,3,3,2,4,4,1,1,3
8057,11,2,4,3,3,4,3,1,2,3,4,3,4,3,1,1,1,1,2,1,3,3,1,2,3
8062,13,2,2,3,2,3,3,1,3,2,2,3,3,2,2,1,1,3,1,3,2,2,2,2,2
8072,11,3,2,3,2,3,3,2,4,2,2,4,2,3,2,3,4,3,3,2,3,3,2,2,3
8075,8,3,2,4,3,3,3,1,4,1,2,3,3,3,3,1,4,3,3,3,1,2,2,1,1
8079,7,3,3,4,3,4,3,2,4,4,4,4,3,4,3,1,2,3,2,2,4,4,1,1,2
8087,7,4,4,4,4,4,3,1,3,3,4,4,4,4,3,1,2,4,4,2,4,4,2,1,4
8088,2,3,3,2,3,3,3,2,3,2,4,3,3,2,3,1,2,2,3,3,3,3,2,2,2
8089,10,3,2,2,2,2,3,1,3,4,3,3,3,2,2,1,2,4,2,1,2,3,1,1,2
8091,14,4,4,3,3,3,3,1,3,3,3,3,3,3,3,1,2,3,3,2,2,3,1,1,2
8092,10,4,2,3,2,3,3,2,2,3,2,2,3,2,3,2,2,3,2,2,3,2,2,2,2
8094,9,3,3,4,4,2,1,1,4,1,4,4,1,4,1,1,4,2,3,1,4,4,1,1,4
8100,4,2,3,3,3,3,4,3,3,2,3,3,4,4,3,3,2,3,4,3,4,4,3,3,3
8107,11,3,3,3,4,2,3,1,3,1,3,3,3,3,3,1,3,3,3,2,3,3,2,2,3
8108,7,3,3,3,3,3,3,1,3,3,3,3,4,3,2,1,2,2,2,2,4,2,1,1,2
8109,16,3,3,3,3,2,3,1,2,2,3,3,3,3,2,1,3,3,2,2,3,3,2,1,2
8111,6,3,2,3,2,2,3,2,2,2,2,2,3,2,4,1,1,1,1,1,3,2,3,1,1
8112,8,1,3,3,3,4,3,1,2,1,1,3,3,3,2,1,1,1,3,2,3,3,1,1,1
8130,7,1,4,4,3,3,2,1,1,1,4,4,1,3,1,1,1,1,1,1,3,2,1,1,1
8133,7,2,3,3,4,3,3,1,4,2,4,3,3,4,3,1,3,3,2,3,3,4,1,1,3
8134,11,3,4,3,3,3,3,1,3,1,4,4,3,3,2,1,1,2,3,1,2,3,1,2,3
8139,5,3,2,2,3,3,3,1,2,3,3,3,3,3,2,1,2,4,2,2,3,3,2,1,2
8141,11,3,3,4,3,2,3,1,3,3,3,3,3,3,3,1,2,3,2,2,3,3,1,1,3
8146,2,3,1,4,1,4,4,1,1,1,1,3,3,1,4,1,1,2,1,1,3,2,4,2,2
8147,3,4,4,4,3,4,4,1,1,4,2,3,3,2,3,1,1,3,3,3,2,3,2,1,2
8151,11,1,4,4,4,4,2,1,1,1,1,4,2,2,1,1,1,1,1,1,3,2,1,1,2
8171,11,3,2,2,3,2,3,1,3,4,2,3,3,3,3,1,2,3,2,2,3,3,1,1,3
8176,14,2,2,3,3,3,3,2,2,2,4,3,4,3,2,3,2,3,3,2,2,3,1,2,2
8187,3,3,2,3,3,4,3,1,1,2,1,3,4,3,3,1,1,3,3,2,3,3,2,1,2
8189,14,2,3,3,3,3,3,1,3,3,3,3,3,2,3,1,2,3,2,2,3,3,2,1,2
8191,7,1,2,2,2,3,3,1,2,1,1,3,3,3,3,1,2,1,3,2,3,3,3,1,1
8192,14,3,2,3,2,3,3,1,1,3,3,3,3,2,3,1,1,3,2,1,3,1,3,1,1
8198,12,3,2,3,4,4,2,4,3,4,3,3,2,3,1,3,2,4,3,3,2,3,2,3,3
8202,2,2,2,2,3,3,2,1,2,2,2,3,4,3,1,1,2,2,1,1,3,3,1,1,3
8204,16,3,3,3,4,3,3,1,4,2,3,4,3,4,2,1,4,3,2,2,3,3,1,1,3
8212,15,4,3,4,4,4,4,1,1,4,2,4,4,1,1,1,1,4,4,1,4,4,1,1,3
8226,7,1,4,4,3,3,3,1,3,1,2,3,3,4,2,1,2,1,4,2,3,4,1,1,2
8238,5,2,2,1,3,3,2,1,2,1,1,3,2,3,2,1,2,1,3,1,3,3,1,1,3
8241,7,3,3,3,3,3,3,1,3,3,2,3,3,3,3,2,2,3,3,3,3,3,2,1,2
8247,8,2,3,3,3,4,3,1,3,1,2,3,3,3,3,1,3,2,3,2,3,3,1,1,2
8252,7,3,2,3,3,2,4,2,2,3,1,3,4,3,2,2,2,4,2,3,3,2,1,2,2
8254,10,4,2,3,3,2,4,1,3,4,2,3,3,2,2,1,1,4,1,1,4,2,1,1,1
8256,4,3,2,3,3,3,3,1,3,4,3,4,4,2,3,1,2,4,2,2,2,3,2,1,3
8270,8,3,3,2,3,3,3,1,1,2,1,3,3,3,2,1,1,4,1,3,1,1,1,1,3
8272,11,3,4,3,4,2,3,1,2,2,4,4,4,4,3,1,2,4,2,3,3,4,1,1,2
8285,11,3,3,2,3,3,3,2,2,1,3,4,4,4,2,1,3,3,4,1,3,4,1,2,3
8295,7,2,2,3,3,3,2,1,1,2,2,3,3,3,1,1,1,1,3,2,2,2,1,1,3
8298,16,1,3,4,3,4,3,4,3,1,4,3,1,2,2,4,2,1,3,2,3,3,4,4,3
8306,7,2,2,1,3,2,3,1,1,2,2,1,4,3,2,1,2,2,2,3,2,3,1,1,3
8307,16,3,2,2,2,3,3,1,2,1,3,3,3,3,3,1,1,1,3,2,2,2,1,1,2
8311,11,3,3,2,3,4,3,1,2,4,3,3,3,3,2,1,2,3,2,1,3,3,1,1,3
8312,12,1,2,3,3,2,3,1,3,2,3,3,3,4,3,1,3,3,3,3,4,4,2,1,3
8314,7,3,2,2,2,2,3,1,2,2,3,3,3,2,3,1,2,3,1,1,3,3,1,1,2
8318,16,1,3,3,3,4,1,2,3,1,4,2,3,4,1,2,2,2,2,2,3,3,1,2,3
8327,15,3,3,2,3,3,3,1,1,2,2,3,3,3,3,1,2,3,3,2,3,2,2,1,2
8334,6,3,2,3,2,2,3,2,2,3,3,3,3,3,3,2,2,3,2,2,3,3,2,3,2
8336,3,3,2,1,2,3,3,1,2,3,1,3,3,2,3,1,3,3,2,2,2,1,2,1,2
8341,7,4,3,3,4,3,3,1,3,3,4,3,3,3,3,1,3,4,2,2,4,4,2,2,3
8348,8,3,3,3,3,3,1,1,1,1,1,3,3,3,1,1,2,1,1,1,1,3,1,1,1
8357,12,3,2,3,3,3,2,1,3,2,3,3,3,3,2,1,3,3,2,2,3,3,2,1,2
8367,11,3,4,2,3,4,3,1,2,1,3,4,3,3,2,1,3,2,3,3,3,4,2,1,3
8369,8,2,3,4,4,4,3,1,2,2,2,3,3,1,2,1,2,2,2,1,3,3,1,1,3
8374,3,3,4,3,3,3,3,1,3,2,3,4,3,4,3,1,2,3,2,3,4,3,2,2,3
8375,3,3,1,3,3,4,3,1,3,3,1,4,3,4,3,1,1,3,3,3,3,3,1,1,3
8377,11,3,3,3,2,3,4,2,3,2,3,3,3,4,4,2,2,3,3,2,4,3,2,4,3
8378,15,4,4,2,4,4,3,2,3,2,4,4,4,4,3,2,3,3,3,2,4,4,2,1,4
8381,11,1,1,4,4,4,4,1,4,1,4,4,4,4,4,1,2,1,1,1,1,4,1,1,3
8383,7,3,2,3,3,2,3,1,2,3,3,4,3,3,4,2,2,4,3,2,3,2,1,1,3
8385,7,3,3,3,4,2,2,1,1,1,4,3,3,3,1,1,1,3,3,2,3,2,3,1,3
8388,6,2,2,4,2,3,2,1,3,1,1,3,3,3,2,1,2,1,3,2,3,3,2,1,3
8393,4,2,3,3,4,3,2,1,3,4,3,3,4,4,1,1,3,2,3,2,3,3,1,1,4
8395,6,2,3,3,3,2,3,2,2,1,1,3,4,3,3,1,2,2,2,3,3,2,1,1,3
8405,5,2,3,3,2,3,2,1,2,2,2,3,3,3,1,1,1,3,3,2,3,3,1,1,2
8407,6,4,2,2,3,3,3,2,2,3,3,2,3,2,2,3,2,3,2,2,2,3,2,2,2
8409,6,1,2,1,3,2,2,1,1,3,1,2,3,2,1,1,3,1,1,2,3,2,1,1,2
8416,3,2,2,3,2,3,3,1,2,1,1,3,3,2,2,1,1,3,1,3,1,1,1,1,1
8417,6,3,2,3,2,2,2,1,2,3,2,3,2,3,2,1,2,3,2,2,3,3,2,1,2
8418,8,2,4,3,3,4,3,1,4,2,3,4,4,4,3,1,3,1,4,2,3,3,3,1,3
8423,2,2,3,3,3,2,3,1,3,2,3,3,3,3,2,1,2,3,2,2,2,2,2,1,2
8427,16,4,1,1,3,3,3,1,1,4,2,4,4,1,2,1,1,4,1,1,3,2,3,1,3
8430,14,3,3,3,2,3,4,1,3,2,3,3,3,3,3,1,2,4,1,2,3,3,2,1,2
8436,1,2,2,3,3,3,3,1,3,2,2,3,3,3,2,1,3,2,2,2,2,3,2,1,2
8444,11,4,3,2,2,3,3,1,2,4,4,4,3,3,2,1,3,4,4,2,3,3,2,2,2
8445,7,1,3,3,3,3,3,1,3,1,2,3,3,3,1,1,3,1,1,3,3,3,1,1,2
8458,8,2,3,4,4,2,3,2,4,3,3,4,4,4,2,2,3,3,3,3,3,3,1,2,4
8482,12,3,4,4,4,4,4,1,4,1,2,4,3,4,3,1,4,4,3,4,4,4,2,1,3
8483,7,2,2,3,2,3,3,2,2,2,1,3,3,3,3,3,2,2,2,2,2,2,2,2,2
8488,15,3,3,4,2,2,2,1,2,2,2,3,3,3,2,1,2,3,3,3,3,3,2,1,2
8493,7,2,3,1,3,3,2,1,1,3,3,3,4,2,1,1,2,4,2,1,4,3,1,1,1
8523,2,1,3,2,2,2,2,3,1,1,1,1,3,1,1,3,1,1,1,1,2,1,1,3,2
8528,13,1,3,3,3,3,4,2,1,1,1,2,3,3,3,3,1,1,1,1,1,1,1,1,1
8530,7,2,2,3,3,2,4,4,4,3,3,3,3,3,3,3,3,2,2,4,2,3,1,4,4
8534,7,2,3,2,2,2,3,1,2,3,3,2,3,2,3,1,2,2,2,2,3,3,2,1,2
8536,8,1,3,3,3,4,2,1,3,3,2,3,3,3,2,1,3,3,2,4,2,2,3,1,2
8548,12,3,3,4,3,2,2,2,4,1,4,4,3,3,2,2,3,3,4,2,4,3,3,2,4
8560,3,3,3,2,3,3,3,1,2,3,2,3,4,4,2,1,2,2,1,1,2,2,1,1,2
8585,7,3,2,3,4,3,3,1,3,2,2,4,4,4,1,1,1,4,2,1,3,4,1,2,4
8593,15,3,2,3,4,2,3,1,3,4,3,4,3,3,2,1,3,4,3,2,4,3,1,1,3
8596,13,3,2,3,2,3,3,1,2,3,2,3,3,3,2,1,2,4,1,2,3,2,2,1,2
8598,2,2,4,2,2,2,3,1,1,3,3,3,3,1,4,1,1,2,1,4,3,2,4,1,2
8601,13,3,2,3,3,4,3,1,2,1,4,2,3,3,3,1,2,3,3,1,3,4,1,1,3
8605,7,3,3,3,3,2,3,1,4,2,3,3,4,3,2,1,3,3,2,1,2,4,2,1,3
8611,7,4,1,3,4,2,3,1,4,2,2,4,4,3,2,1,4,1,1,2,3,3,1,1,3
8619,14,3,2,3,3,3,3,2,2,2,3,3,3,3,2,1,1,3,1,1,4,3,2,1,2
8624,16,3,3,3,2,2,2,1,3,4,2,3,3,3,2,1,2,3,3,2,3,3,2,1,2
8646,6,3,2,2,3,4,2,1,1,4,3,3,3,3,1,1,1,3,3,1,4,1,1,1,1
8650,16,2,4,2,3,3,3,1,2,1,4,4,4,2,3,1,2,1,3,3,3,4,1,1,2
8651,2,3,2,2,3,2,3,1,2,3,3,2,3,2,4,1,2,3,2,2,2,2,2,1,2
8655,11,1,2,3,3,4,3,1,1,1,1,2,4,4,2,1,1,1,3,1,4,4,1,1,2
8660,13,3,2,3,3,2,3,1,2,3,1,3,4,1,2,1,2,3,1,2,3,2,1,1,2
8662,7,4,2,3,3,3,2,1,2,3,2,3,3,3,1,1,3,4,3,3,4,3,1,1,3
8663,15,2,3,3,2,3,3,2,2,2,2,3,2,2,3,2,2,2,3,2,2,2,2,1,2
8667,5,2,2,2,3,2,3,1,2,2,2,2,3,2,3,2,2,2,2,2,3,2,2,1,3
8672,6,4,3,2,3,3,3,1,3,3,2,3,3,3,3,3,3,4,3,2,3,3,2,3,3
8673,15,4,2,3,2,3,2,1,2,3,2,3,4,2,2,1,2,3,1,1,1,3,2,1,3
8674,6,3,2,3,3,2,2,1,3,3,4,3,3,3,1,1,2,2,1,2,3,3,1,1,2
8676,5,3,2,2,2,3,2,2,2,3,2,3,3,3,2,2,2,3,2,2,3,2,2,2,2
8688,15,3,2,3,2,2,3,1,3,3,3,3,4,3,2,1,4,4,1,1,2,3,1,1,4
8693,8,2,4,3,3,3,1,1,3,1,1,4,1,4,1,1,3,1,4,4,3,4,1,1,3
8696,8,3,2,3,3,3,3,1,1,1,1,3,3,3,3,1,2,2,2,2,3,3,3,2,3
8699,7,3,3,2,2,3,3,1,2,2,2,3,3,2,3,1,1,2,2,2,2,2,2,2,2
8717,10,3,3,3,2,3,3,2,2,3,3,2,3,2,2,2,2,3,1,2,3,2,2,2,2
8718,3,2,2,3,3,2,3,1,2,1,3,4,4,2,2,1,1,3,3,3,2,1,1,1,3
8749,13,3,1,3,3,3,3,3,2,3,3,4,4,1,4,4,1,4,1,1,3,1,2,3,2
8756,13,1,1,2,3,3,2,1,2,2,3,3,3,2,2,2,2,2,2,2,3,2,2,2,2
8771,7,3,3,3,2,2,4,1,2,1,3,3,3,2,3,1,1,4,1,1,2,3,1,1,2
8778,8,2,1,3,2,4,1,1,1,1,1,3,2,4,1,1,2,3,4,2,3,3,1,1,1
8791,6,2,1,2,2,2,3,1,2,3,1,3,4,3,3,1,2,2,1,1,2,2,2,2,3
8795,10,3,2,2,2,3,2,1,2,4,3,3,4,3,2,1,3,4,2,3,3,2,1,1,2
8799,6,3,2,2,3,2,3,1,3,4,2,3,3,3,3,1,2,3,1,2,3,3,1,1,2
8803,1,2,3,4,3,2,2,1,2,2,2,2,3,2,2,1,2,3,3,3,2,2,2,1,2
8816,5,4,1,4,4,4,3,1,4,4,4,4,4,2,1,1,4,4,1,1,4,3,1,1,4
8843,3,2,3,4,3,2,3,3,4,4,2,4,4,2,2,3,3,3,3,2,2,3,1,2,1
8851,10,3,3,3,2,2,3,1,2,3,3,3,2,2,3,1,1,3,3,2,3,3,1,1,2
8872,2,3,3,1,3,4,4,1,1,4,2,2,4,1,1,1,1,3,1,1,2,1,1,1,3
8882,11,1,4,3,2,4,3,1,3,1,3,3,3,4,2,1,1,1,4,3,2,3,2,1,2
8883,14,4,2,2,2,4,3,2,2,2,3,4,3,3,3,2,3,4,2,2,3,2,2,2,2
8896,5,3,1,3,3,3,1,1,3,2,1,3,3,2,1,1,3,3,1,1,3,1,1,1,1
8900,8,3,2,2,3,2,2,1,2,2,3,2,3,2,2,1,2,2,2,2,2,2,2,1,2
8901,12,3,2,3,4,2,1,1,4,3,4,4,2,4,1,1,4,1,2,2,3,4,1,1,4
8912,13,4,4,4,4,3,4,1,4,3,3,4,4,3,4,4,4,4,3,2,3,4,1,1,4
8913,7,3,3,3,2,3,2,2,2,3,2,3,3,3,2,2,2,3,3,2,3,3,2,2,2
8924,14,2,3,2,3,2,3,2,3,2,2,3,3,2,2,2,2,2,2,2,3,3,2,2,3
8925,2,2,3,4,2,3,3,1,2,2,4,3,3,3,2,1,2,3,3,2,3,3,1,1,2
8938,13,4,3,3,3,3,3,1,3,3,2,3,3,2,2,1,2,3,2,1,3,2,2,1,2
8940,14,2,2,2,3,4,3,1,3,2,3,2,3,3,3,1,2,3,1,2,3,3,3,1,4
8946,2,2,1,3,3,3,2,1,3,3,1,3,3,3,2,1,2,2,2,2,2,2,1,1,2
8953,8,2,3,4,4,4,3,1,2,3,4,3,3,3,2,1,2,2,3,2,3,3,2,1,3
8966,14,4,2,3,2,3,3,1,2,4,1,3,3,1,2,1,2,3,1,2,2,2,2,2,2
8969,5,3,1,3,2,2,2,1,2,3,1,3,3,1,2,1,2,2,1,3,2,3,2,1,2
8976,7,3,1,3,3,3,3,1,3,2,2,3,3,4,2,1,3,2,3,2,3,3,1,1,2
8992,5,2,3,2,3,3,3,1,2,1,2,3,3,3,2,1,2,2,3,2,2,2,1,1,2
8994,12,4,4,3,4,3,2,1,3,3,3,3,3,3,2,1,2,4,3,1,3,3,3,1,3
9008,6,4,2,2,2,3,3,1,2,3,3,3,3,2,2,2,2,3,2,2,3,3,2,2,3
9010,12,3,3,2,3,3,3,1,3,2,4,3,2,4,2,1,3,4,3,2,4,3,1,1,4
9011,7,1,3,2,3,2,4,1,1,1,2,3,2,3,2,1,1,1,3,1,1,2,1,1,1
9021,12,3,3,3,3,3,3,1,3,1,3,3,3,3,2,1,3,3,3,2,3,3,2,1,3
9022,14,4,2,3,2,3,4,1,1,4,3,3,3,1,3,1,1,4,1,2,2,1,1,1,1
9026,15,3,3,3,3,1,3,1,2,2,2,3,3,2,2,1,1,4,1,1,3,2,1,1,2
9030,6,3,1,3,1,3,3,1,3,2,1,3,4,2,1,1,2,2,1,1,1,1,1,1,1
9033,6,3,4,1,3,2,3,1,3,3,3,3,4,3,4,1,1,3,1,1,3,1,1,1,1
9039,6,3,2,2,3,3,3,1,2,2,3,2,2,1,2,1,1,2,1,1,3,2,1,1,2
9040,5,3,3,3,2,2,2,2,3,2,2,2,3,3,1,1,2,3,2,2,2,1,1,1,3
9045,10,2,1,3,3,2,4,1,3,4,1,3,4,4,2,1,1,2,1,3,4,1,1,1,1
9046,13,3,3,3,2,3,3,1,1,3,1,3,3,2,3,2,2,3,2,2,3,2,1,2,3
9054,7,3,2,3,3,3,3,1,3,3,1,3,3,3,2,1,2,3,2,2,3,3,1,1,1
9056,12,2,3,3,2,2,2,2,3,3,3,2,3,3,2,2,3,3,3,2,2,2,2,2,2
9058,11,3,3,3,2,4,3,1,3,2,3,3,3,3,2,1,2,3,2,1,3,3,1,1,2
9073,12,3,3,4,4,3,2,3,3,3,3,3,3,4,2,2,3,2,3,3,3,3,2,3,3
9074,11,4,2,4,3,2,4,3,3,4,1,4,4,2,3,3,2,4,2,1,3,3,2,3,3
9075,7,1,1,1,1,1,1,1,1,1,1,1,1,1,1,1,1,1,1,1,1,1,1,1,1
9078,7,3,4,4,2,3,4,3,2,2,3,3,4,2,4,2,3,2,1,1,2,3,4,2,3
9079,6,4,2,2,2,2,4,2,2,2,1,3,3,2,4,2,2,3,3,1,2,1,2,1,3
9087,8,3,3,2,3,2,3,1,1,3,3,3,3,1,4,1,1,3,1,1,3,3,2,2,2
9100,7,2,4,4,3,2,3,1,1,3,3,3,4,2,2,1,2,2,3,2,3,3,1,1,2
9109,12,2,3,4,4,3,2,1,1,2,3,3,4,3,1,1,1,4,3,1,4,4,1,1,3
9112,11,3,2,3,3,2,3,1,1,3,3,3,3,2,2,1,1,3,2,2,2,3,2,1,3
9113,10,3,3,3,2,2,3,1,2,1,3,3,4,3,2,1,2,3,3,1,3,3,1,1,2
9118,7,1,3,4,3,4,4,3,3,2,2,3,3,4,2,1,3,3,3,3,4,3,2,1,3
9119,7,3,3,3,2,3,2,1,2,2,3,3,3,3,2,1,2,3,3,3,2,2,2,1,2
9123,11,4,3,3,3,4,3,1,2,4,2,3,3,2,2,1,2,4,2,2,3,3,1,3,3
9127,15,4,3,4,3,2,3,1,2,2,3,4,4,3,3,2,2,3,2,1,2,3,1,2,2
9129,7,1,3,4,3,3,2,1,3,3,1,3,4,4,1,1,2,2,3,1,3,4,1,1,2
9139,7,3,3,3,3,3,1,1,2,3,3,3,2,3,1,1,2,3,3,2,3,3,1,1,3
9148,2,3,2,3,3,3,2,1,3,3,2,3,3,2,2,2,2,4,2,2,3,2,1,1,3
9149,8,3,1,2,3,3,2,1,3,3,3,2,3,2,2,1,3,3,2,1,3,3,1,1,2
9150,1,2,2,3,3,3,3,1,3,2,1,3,4,3,1,2,2,2,1,1,3,3,1,1,2
9160,15,2,3,3,3,2,3,1,3,2,4,3,4,3,2,1,2,3,2,2,2,3,2,1,2
9161,1,1,3,3,3,3,2,1,2,1,1,3,2,2,2,1,2,1,3,2,2,2,2,2,3
9171,5,3,2,3,3,2,2,1,3,4,3,3,3,2,2,1,4,3,2,2,2,3,1,1,2
9179,1,3,2,2,1,2,3,1,1,3,1,2,3,2,3,2,2,3,1,2,2,2,2,1,1
9183,11,2,1,3,3,4,3,1,3,3,2,3,3,2,2,1,3,4,1,1,3,2,3,1,3
9188,7,4,3,2,3,3,2,1,2,3,2,3,3,2,2,1,2,3,2,1,2,2,2,1,1
9200,4,2,4,3,2,3,1,1,3,1,3,3,3,2,1,1,2,4,3,1,2,3,1,1,1
9203,7,3,2,2,2,3,3,1,2,3,3,2,3,3,2,1,2,3,2,3,2,2,2,1,2
9209,7,2,4,3,4,4,4,1,2,3,3,4,3,4,3,1,1,3,2,2,3,2,2,1,1
9213,7,2,2,2,1,3,2,1,1,2,3,2,3,1,3,1,1,3,2,2,2,1,2,1,1
9220,7,2,2,2,3,3,2,1,1,1,1,3,3,3,2,1,1,3,2,3,3,3,2,1,2
9222,12,2,2,4,3,3,3,1,1,1,1,4,2,2,4,1,3,1,2,4,1,3,2,1,3
9236,11,3,4,3,3,2,3,1,1,1,3,2,4,3,1,1,1,1,1,1,3,3,1,1,1
9239,6,3,2,2,4,2,4,1,2,2,2,4,3,3,3,1,2,2,2,2,2,2,4,1,2
9246,5,2,3,3,3,4,3,1,3,1,1,3,3,2,3,3,2,3,2,1,2,3,1,1,2
9251,6,3,1,2,1,4,3,1,1,3,4,2,3,2,1,1,1,3,3,1,2,2,1,1,2
9266,11,3,2,3,3,3,3,1,2,3,3,3,3,2,3,1,1,4,4,4,2,4,1,1,4
9290,5,2,3,3,3,3,2,1,2,2,2,2,2,2,1,1,2,4,2,1,3,2,1,1,2
9296,7,1,3,2,3,3,3,1,3,1,1,3,3,3,2,1,3,1,2,2,3,3,2,1,3
9304,11,4,3,4,3,4,2,1,2,3,3,3,4,2,2,1,2,4,2,1,2,2,2,1,2
9309,12,3,2,2,3,3,2,1,3,4,1,3,2,3,2,1,2,3,2,1,4,1,1,1,4
9332,7,2,3,1,3,3,2,3,3,2,4,3,3,3,2,3,4,2,2,2,3,3,2,3,2
9353,9,3,2,3,3,3,2,1,2,2,3,3,3,2,2,2,1,3,2,2,3,3,2,2,2
9384,14,2,3,3,3,3,3,2,2,2,3,2,3,2,3,2,2,3,3,2,3,3,2,2,2
9398,11,3,3,2,2,4,3,1,1,3,3,3,2,1,1,1,1,4,1,1,1,2,1,1,2
9408,14,4,2,1,3,3,3,3,3,2,2,3,4,2,3,3,3,4,2,1,3,3,2,3,3
9414,3,1,2,3,3,3,3,3,1,1,3,3,4,3,3,3,1,1,1,1,2,3,1,3,3
9445,14,3,3,2,3,2,4,1,1,3,3,3,3,1,4,1,2,3,1,1,3,2,2,1,2
9451,7,1,3,3,3,3,3,1,3,1,1,3,3,3,3,1,2,3,3,3,3,3,3,1,3
9466,11,3,3,2,3,3,3,1,2,1,2,2,3,3,3,1,2,3,2,1,4,3,2,1,2
9474,2,3,3,3,2,3,4,1,3,1,2,4,3,3,3,1,2,3,3,2,4,3,1,1,2
9478,4,3,2,3,3,2,3,2,3,3,2,3,3,3,2,1,3,3,1,1,3,3,1,1,3
9486,16,4,1,3,2,2,2,1,2,3,1,3,3,2,1,1,3,3,1,2,1,2,1,1,2
9494,7,3,4,2,3,3,2,1,1,3,4,2,3,2,2,2,2,3,2,2,3,3,3,2,2
9504,8,2,2,4,3,3,3,1,3,2,1,4,4,3,2,1,3,2,1,3,1,4,1,1,3
9509,8,3,2,2,3,2,3,3,3,2,2,3,3,3,3,3,3,3,3,3,3,3,2,2,3
9510,1,2,3,3,3,3,2,1,3,3,2,3,3,3,2,1,3,3,2,2,3,3,2,1,3
9511,10,4,2,3,2,4,3,2,3,4,1,2,4,2,2,2,2,4,3,2,2,3,2,2,2
9512,10,3,2,1,4,3,3,1,1,2,3,3,4,2,2,1,2,3,1,1,3,3,1,1,3
9514,11,3,3,3,2,3,4,1,2,3,1,2,2,3,4,1,1,4,1,1,3,4,2,1,4
9524,2,1,2,2,3,3,3,1,2,1,3,3,3,2,4,1,1,1,1,1,3,3,1,1,1
9528,6,1,1,4,2,2,3,1,1,1,1,4,3,3,1,1,2,1,1,1,1,4,1,1,3
9543,1,3,2,4,2,2,3,1,3,3,3,2,3,3,1,1,4,4,1,1,3,3,1,1,3
9544,6,3,2,3,2,2,3,2,2,3,2,3,3,2,3,2,2,3,2,2,2,2,2,2,2
9545,6,3,2,2,3,3,3,1,2,3,3,3,4,3,3,1,2,1,2,2,4,3,2,1,2
9546,10,3,2,4,3,3,4,3,3,2,4,4,4,4,3,4,2,2,4,2,4,3,2,4,4
9547,12,3,2,2,2,1,2,1,2,2,2,2,4,2,2,1,2,4,2,2,2,2,1,1,2
9548,11,3,2,3,3,3,3,1,2,2,3,3,3,3,2,1,2,3,2,2,3,3,2,1,2
9555,7,2,4,3,2,3,4,3,2,1,2,1,2,3,2,4,3,2,1,2,3,2,3,3,2
9558,11,3,3,3,3,3,3,2,2,3,2,3,3,2,2,2,2,3,2,2,2,2,2,3,2
9563,8,2,3,3,3,3,3,2,2,3,3,3,4,2,2,2,2,3,4,4,3,3,2,2,3
9566,11,3,3,2,3,2,2,1,3,3,3,3,3,3,2,1,3,3,2,2,3,3,2,2,3
9578,7,2,3,3,3,3,3,2,2,3,3,2,3,3,2,1,1,2,3,2,3,3,1,1,2
9580,11,1,3,3,3,3,3,1,3,1,3,3,3,3,3,1,2,1,3,3,4,4,1,1,2
9582,6,2,2,3,3,3,3,1,2,2,2,3,3,3,3,1,1,3,2,2,3,2,2,2,2
9586,6,2,3,4,4,3,3,1,2,2,3,3,2,3,2,1,1,3,2,1,2,3,1,2,2
9589,3,2,2,3,3,3,2,1,3,1,3,3,3,3,1,1,2,3,2,2,3,2,2,1,2
9591,11,2,2,3,3,3,2,1,4,1,3,4,3,4,1,3,2,3,3,2,4,3,1,2,3
9592,3,2,4,3,2,3,2,1,1,1,1,1,3,3,1,1,1,2,1,4,3,3,1,1,3
9593,13,4,2,3,3,3,3,1,3,3,2,2,3,2,2,1,2,4,2,2,3,2,2,2,3
9594,7,2,3,2,3,3,2,1,1,3,1,3,3,3,1,1,1,3,2,3,3,3,1,1,1
9595,9,4,2,4,3,4,2,1,3,1,2,3,4,3,2,1,1,4,3,1,3,4,1,1,3
9597,11,3,3,4,3,3,3,1,3,2,3,3,3,3,3,2,2,2,3,2,4,3,3,2,3
9599,3,3,3,3,2,3,4,1,2,2,1,3,3,3,4,1,2,2,3,3,2,3,2,1,1
9604,12,4,3,3,4,3,3,1,3,3,3,3,3,3,3,1,3,4,3,2,3,3,2,1,3
9620,1,1,1,1,1,4,1,1,1,1,4,4,4,4,1,1,4,4,4,1,4,4,1,1,1
9650,1,1,2,4,3,2,3,1,2,3,1,4,4,4,3,1,1,2,2,3,3,3,1,1,1
9656,7,3,3,3,3,3,3,1,2,3,3,2,3,3,2,1,3,3,3,2,3,3,1,1,2
9661,15,3,4,3,4,4,4,1,2,3,3,4,3,4,4,1,1,3,4,2,4,4,4,1,3
9700,15,4,3,3,3,2,4,3,2,4,3,3,3,3,3,3,2,4,3,3,2,3,2,3,3
9701,7,1,4,4,4,4,4,3,2,1,4,4,4,4,3,3,3,2,4,4,4,4,2,3,4
9704,7,2,3,2,2,3,3,1,1,1,1,3,3,3,3,1,1,3,4,3,4,2,2,1,2
9716,11,3,1,2,2,3,3,2,2,3,3,3,3,3,2,2,3,3,2,2,3,3,2,2,3
9717,10,3,3,2,2,3,3,1,2,3,4,3,3,2,3,1,3,4,2,1,3,3,1,1,2
9721,11,2,3,3,3,3,3,1,2,3,1,3,3,1,4,1,1,2,2,1,1,1,4,1,3
9724,14,2,2,4,3,3,3,1,3,1,3,4,3,2,1,1,4,3,2,2,3,3,1,1,3
9729,3,3,3,4,3,2,4,2,3,2,3,3,3,2,4,2,2,2,2,3,2,2,2,3,2
9731,6,3,2,2,3,3,3,1,3,2,3,3,4,3,2,1,1,3,2,1,3,3,1,2,3
9739,7,2,3,3,3,3,3,3,3,2,3,3,3,3,2,3,2,1,3,2,3,3,2,3,3
9745,12,2,3,2,4,3,3,1,3,3,4,3,2,3,1,1,2,1,3,2,4,4,1,1,2
9749,6,2,2,4,3,3,3,1,2,1,1,3,4,4,2,1,1,1,2,3,1,3,1,1,2
9763,11,3,3,3,3,3,3,2,3,4,2,3,3,2,2,2,4,4,2,2,3,2,2,3,3
9773,9,2,3,3,3,2,2,3,2,2,2,3,3,2,3,2,2,2,2,2,2,3,2,3,2
9780,11,4,3,4,4,3,4,1,3,3,3,3,3,3,1,1,4,4,2,1,3,3,1,2,3
9790,10,3,3,3,4,4,3,2,3,4,3,4,3,3,2,3,3,4,4,3,4,3,2,2,3
9800,2,1,2,2,2,3,3,1,3,1,1,2,3,3,3,1,3,2,1,1,1,3,1,1,2
9808,8,2,3,3,3,4,3,1,2,2,2,4,3,4,1,1,2,2,3,2,3,4,1,1,2
9813,7,3,3,2,3,2,3,2,3,3,3,2,3,3,2,2,3,3,2,2,2,3,1,2,2
9815,16,3,3,3,2,2,3,1,3,1,2,3,3,2,1,1,2,3,2,2,3,3,1,1,3
9816,6,2,2,3,4,3,1,1,3,1,1,4,3,3,1,1,2,2,2,3,3,3,1,1,3
9818,15,3,3,3,4,4,4,1,4,1,3,4,4,4,3,1,2,1,2,2,4,4,1,1,4
9820,9,4,2,1,2,2,2,2,2,3,3,2,3,2,2,2,2,3,2,2,3,2,2,2,2
9825,3,1,3,3,2,2,3,3,3,3,1,2,2,2,3,2,3,1,3,2,2,2,2,2,2
9828,11,3,3,3,3,3,3,1,3,3,3,3,3,3,3,1,3,4,2,1,4,3,2,1,3
9830,7,3,2,2,3,4,2,2,2,3,1,2,3,2,3,2,2,3,2,2,2,2,3,2,2
9831,12,1,1,1,1,4,3,2,4,4,4,4,4,4,3,4,4,4,4,4,4,4,4,4,4
9842,5,3,4,3,3,2,3,1,2,2,1,3,4,3,2,1,2,3,3,2,3,3,1,1,2
9845,7,2,2,3,3,2,3,1,4,2,3,3,3,3,1,1,4,2,3,3,3,2,1,2,2
9855,11,3,1,4,3,3,1,1,1,1,1,3,3,4,1,1,1,1,3,2,3,3,3,1,3
9856,2,4,3,3,3,3,4,1,1,2,2,3,4,3,4,1,1,4,1,2,4,3,1,1,2
9872,14,2,2,2,3,4,3,1,3,1,2,3,4,3,3,1,2,3,2,1,3,3,2,1,3
9902,7,3,2,3,3,2,3,3,2,1,1,3,3,3,2,2,2,2,1,2,3,2,2,2,3
9914,7,1,3,2,3,2,3,1,2,1,2,3,3,2,3,1,4,1,2,1,3,3,1,1,3
9932,6,1,4,4,4,3,3,2,2,2,1,3,4,3,4,2,1,3,3,3,3,3,2,2,3
9936,7,2,3,3,3,3,3,1,2,2,2,2,3,3,2,1,2,3,3,2,2,2,2,1,2
9957,15,4,3,3,3,3,3,1,3,4,4,4,3,2,2,1,3,4,3,2,2,2,1,1,2
9976,16,4,3,4,4,3,3,1,3,3,3,3,3,3,3,1,3,4,2,2,3,2,1,1,3
9994,1,2,3,3,2,2,2,1,3,2,2,3,3,3,2,1,2,3,2,2,3,2,2,1,2
9996,2,1,3,3,3,3,3,1,1,3,1,2,2,1,4,1,1,1,1,2,1,1,2,1,1
9999,11,2,4,3,3,3,3,1,2,2,3,3,3,2,3,1,2,2,3,1,3,3,1,1,2
10001,6,3,4,4,3,4,3,1,1,4,1,4,4,4,2,1,1,3,1,1,3,4,1,1,1
10007,6,2,2,3,3,2,2,1,2,1,2,3,3,2,2,1,1,3,2,2,2,2,1,1,2
10010,11,3,3,2,3,3,3,1,1,1,3,3,3,1,2,1,1,3,1,1,2,3,2,1,3
10015,14,4,3,4,3,4,2,1,1,2,3,1,4,1,2,1,1,4,2,3,3,2,2,2,2
10017,11,2,2,3,3,4,3,1,1,1,4,3,3,3,2,1,2,3,4,1,3,4,1,1,4
10028,3,3,3,3,2,2,3,1,4,2,3,3,4,4,2,2,3,3,3,2,3,3,1,2,3
10038,3,2,3,3,3,4,3,1,3,2,3,3,3,3,1,1,4,2,3,2,2,3,2,1,3
10043,2,4,4,4,4,4,4,4,4,4,4,4,4,4,4,4,4,4,4,4,4,4,4,4,4
10044,4,1,1,1,4,1,2,1,1,1,1,1,1,1,1,1,1,1,1,1,1,1,1,1,1
10045,7,2,2,3,3,3,2,1,2,1,2,3,3,3,2,1,2,2,4,2,4,3,2,1,3
10051,11,3,2,2,2,3,3,1,1,4,2,3,3,2,1,1,2,3,2,1,3,3,1,1,1
10053,14,3,1,2,3,3,4,1,1,2,1,3,3,2,3,1,1,3,3,1,3,2,4,1,3
10065,15,3,3,3,3,2,3,1,2,3,3,4,3,3,2,1,2,3,3,2,4,3,2,1,3
10071,7,2,3,3,3,3,3,1,2,2,3,3,3,3,3,1,1,3,3,3,3,3,2,1,2
10094,7,2,3,3,4,2,3,1,2,1,3,3,3,3,4,1,2,3,2,2,3,2,2,1,2
10101,15,4,2,4,4,4,4,4,4,4,3,4,4,3,3,4,2,4,3,2,4,3,2,3,3
10106,11,4,4,4,4,4,4,1,1,1,3,3,4,4,4,1,2,3,1,3,4,4,1,1,3
10124,6,3,3,2,4,4,3,1,2,4,3,3,3,2,2,1,2,3,2,2,4,3,1,1,2
10149,8,2,3,3,3,3,3,2,3,3,2,3,3,3,2,2,1,3,3,4,2,2,1,2,3
10159,10,2,2,3,3,3,3,1,3,1,3,3,3,3,3,1,3,2,2,3,3,3,2,1,3
10190,2,3,2,2,3,2,2,3,2,3,2,2,3,3,1,2,2,3,1,1,3,2,1,2,2
10198,14,2,2,3,2,3,4,1,2,1,1,2,3,1,4,1,1,1,2,3,1,2,2,1,2
10213,6,2,3,2,3,2,3,1,2,2,1,3,3,3,2,1,1,1,1,1,1,3,1,1,3
10221,7,3,3,4,3,4,3,1,3,2,1,4,3,4,3,1,2,3,2,1,4,3,2,1,3
10233,3,3,3,3,3,3,3,1,2,2,4,3,3,2,3,1,2,3,3,2,3,2,2,2,3
10240,3,2,3,3,3,3,3,1,2,2,2,3,4,3,2,1,2,2,3,3,3,2,1,1,2
10246,14,3,3,2,3,3,2,1,3,3,4,3,2,3,2,1,2,2,2,2,4,3,1,2,2
10261,11,3,2,3,2,2,2,1,2,2,3,3,3,3,2,1,3,2,2,3,3,3,2,1,3
10274,7,1,3,3,3,2,3,1,3,1,3,3,3,3,2,2,2,3,3,2,3,3,2,1,3
10284,10,4,3,3,3,3,3,1,1,2,4,4,3,3,3,1,1,4,1,2,3,3,3,2,3
10287,11,4,3,1,4,4,4,3,4,4,3,4,2,4,4,3,4,4,2,2,4,4,1,4,3
10299,3,3,3,3,4,4,4,2,3,2,4,3,3,3,3,1,2,3,4,4,4,3,2,1,3
10300,8,3,3,2,1,1,3,1,1,1,1,1,1,1,3,1,1,1,2,1,1,1,1,1,1
10304,2,3,3,3,2,2,3,2,3,2,3,3,3,3,2,1,2,3,2,2,3,3,2,1,3
10323,11,3,3,3,3,3,3,3,3,3,3,3,2,3,3,2,3,3,2,2,3,3,1,3,3
10324,9,4,3,1,3,4,1,1,1,3,4,3,4,1,1,1,1,4,1,1,1,1,1,1,4
10341,11,4,4,3,3,3,3,1,3,3,3,3,4,3,2,2,2,3,3,2,3,3,1,1,3
10343,5,3,2,4,3,2,3,1,3,3,3,3,3,2,3,1,2,2,3,3,3,3,2,1,3
10362,7,2,3,3,4,3,3,1,2,1,3,3,3,3,2,1,2,3,2,3,3,3,2,1,2
10363,5,3,2,3,2,2,3,2,3,3,2,3,2,2,2,1,2,2,2,2,3,2,2,2,2
10373,3,4,2,3,3,3,3,1,2,3,2,3,3,2,1,1,2,2,2,3,3,1,1,1,2
10381,12,3,3,3,3,3,3,1,2,4,4,3,3,2,3,1,1,4,3,3,3,2,2,1,3
10385,15,4,3,3,4,4,4,4,3,2,4,4,4,1,4,4,1,4,1,4,1,1,1,4,1
10406,15,4,2,3,3,3,3,1,2,3,3,4,3,2,2,1,2,3,2,1,4,2,1,1,3
10429,10,3,1,3,3,2,3,2,2,3,4,3,3,3,2,1,2,3,3,1,4,3,2,2,3
10445,11,3,3,4,4,4,3,2,4,1,4,4,4,4,1,1,4,4,3,1,4,4,1,1,4
10452,12,1,4,3,4,4,2,1,1,2,4,3,4,3,1,1,1,3,1,3,3,4,2,1,3
10476,12,3,3,4,4,4,3,1,4,3,3,3,2,3,2,1,4,4,3,2,2,3,1,1,3
10481,7,2,2,4,3,4,3,2,4,2,4,3,4,4,3,2,3,2,3,2,4,4,1,1,4
10486,3,2,3,2,3,3,4,1,3,2,2,3,3,3,3,1,2,3,3,3,4,3,2,1,2
10494,8,3,3,3,3,2,3,2,4,3,2,3,4,3,1,1,3,2,3,4,3,3,1,1,3
10499,4,3,3,2,3,3,3,2,3,3,3,3,3,3,3,2,3,3,2,1,3,3,3,2,3
10508,6,3,3,2,3,2,3,2,2,4,2,3,3,2,3,2,2,4,2,1,4,2,2,2,2
10513,5,2,3,3,2,3,2,1,3,2,2,3,3,3,2,2,3,2,3,2,3,2,2,1,2
10523,1,2,1,4,2,3,3,1,1,2,3,2,3,2,2,1,1,3,1,2,3,2,1,1,1
10533,12,3,3,4,3,3,3,1,3,3,3,3,3,3,3,1,4,3,2,2,3,3,3,1,3
10551,15,3,1,3,3,3,4,1,3,4,3,4,3,3,3,1,1,2,1,1,3,1,1,1,3
10562,8,1,3,3,4,4,1,1,1,1,3,3,4,4,1,1,1,3,2,2,2,3,1,1,3
10564,11,2,3,3,2,3,3,1,2,1,3,2,2,2,2,1,2,1,3,2,3,3,2,1,2
10574,7,1,3,3,3,4,1,1,1,1,3,3,4,3,1,1,1,3,3,2,3,3,1,1,3
10576,12,4,4,3,3,4,3,2,2,3,2,4,4,4,3,2,2,4,3,4,3,3,2,1,3
10582,11,3,2,3,2,3,3,2,2,3,3,3,3,3,2,3,2,3,2,2,2,2,2,2,2
10597,10,3,2,3,3,2,3,1,3,2,2,3,3,3,3,1,2,4,2,2,3,2,2,1,2
10598,5,1,3,1,3,3,3,1,3,1,1,2,3,1,2,1,3,3,1,1,2,2,2,1,1
10610,5,1,3,2,3,2,2,1,2,1,1,3,3,2,1,1,2,1,1,3,2,1,1,1,1
10612,7,1,3,2,2,3,4,3,2,1,3,3,3,3,3,4,1,3,2,1,2,3,1,3,1
10615,3,2,2,3,3,4,3,1,3,1,3,4,3,4,2,1,3,4,2,1,3,3,1,1,2
10617,13,1,4,1,4,4,3,2,2,2,3,3,3,3,3,2,2,2,4,3,4,4,2,4,4
10620,14,3,2,2,3,2,3,1,1,1,1,2,2,3,3,1,1,2,1,3,2,1,1,1,1
10627,2,3,2,4,2,3,3,1,1,4,1,3,3,1,4,1,1,3,1,3,3,1,3,1,1
10635,1,3,2,2,3,3,2,1,1,2,2,2,3,3,2,1,1,3,2,2,2,2,1,1,2
10648,7,4,4,4,4,4,4,1,3,4,4,4,4,4,4,1,4,4,4,4,4,4,4,4,4
10656,7,2,2,3,2,3,1,1,2,3,3,3,2,3,1,1,3,2,2,2,3,3,1,1,3
10658,1,2,2,4,2,3,4,3,1,3,3,3,3,3,2,2,2,3,2,2,2,2,2,3,2
10668,11,3,3,2,4,2,4,1,3,1,3,4,4,3,3,1,2,1,1,3,3,2,1,1,4
10678,8,1,4,4,2,3,2,1,2,1,2,3,3,3,2,1,2,1,4,2,3,3,2,1,3
10721,6,4,2,4,3,2,4,1,1,4,1,4,3,3,2,1,1,2,1,1,2,3,1,1,1
10725,10,2,1,2,2,3,3,1,1,3,2,2,2,2,4,1,1,3,1,2,2,2,3,1,2
10738,13,3,3,3,3,4,3,1,3,2,1,3,3,3,3,1,2,3,3,1,3,3,1,1,3
10743,11,3,3,3,3,3,4,2,3,2,3,4,3,3,4,1,2,3,2,2,4,3,2,2,3
10748,2,4,3,4,1,4,4,3,2,4,4,1,4,1,3,2,3,2,1,4,3,3,1,2,3
10758,5,1,1,1,4,1,1,1,1,1,1,4,4,1,1,1,1,4,1,1,1,1,1,1,1
10769,7,1,1,4,1,4,4,2,1,1,1,4,3,4,4,1,1,3,1,3,1,1,1,1,1
10773,3,2,3,3,3,3,3,1,3,2,3,3,3,3,2,2,2,3,3,2,3,3,2,2,2
10788,14,3,2,3,3,3,3,3,1,1,3,3,4,3,3,2,1,2,3,3,3,3,1,2,3
10821,8,4,2,3,4,2,2,3,1,1,2,4,3,2,1,1,1,4,1,1,3,2,1,2,1
10833,16,3,3,4,3,3,3,1,2,2,3,3,2,3,2,1,2,2,3,2,4,3,2,1,2
10861,7,2,3,3,4,3,3,1,3,1,3,4,3,4,2,1,2,1,3,4,4,4,2,1,3
10867,7,2,2,3,4,3,3,1,2,1,1,4,3,3,3,1,1,1,3,3,3,3,3,1,3
10868,11,2,2,2,3,3,3,1,3,2,2,3,3,3,3,1,1,2,2,1,3,2,1,1,3
10874,11,3,3,4,3,4,3,2,3,3,4,4,4,4,3,1,2,4,3,2,3,3,2,1,3
10882,6,3,2,2,3,2,3,1,2,2,4,2,4,4,2,1,2,2,2,2,4,4,2,1,2
10884,13,4,2,4,3,4,4,1,4,1,3,3,3,3,1,1,2,4,2,4,4,4,1,2,3
10900,6,2,3,1,4,2,4,2,3,2,4,3,4,4,4,4,2,4,2,2,4,2,2,3,2
10916,15,3,3,4,3,3,4,3,2,2,3,3,3,3,4,4,2,3,2,1,4,3,2,2,2
10924,3,1,4,2,4,4,3,1,2,4,4,3,4,4,2,1,2,2,4,2,3,3,2,1,2
10926,3,3,2,3,3,4,2,1,2,3,3,3,3,3,1,1,1,4,3,1,3,3,1,1,3
10940,11,1,3,3,3,3,3,1,1,1,2,2,3,1,4,1,1,1,3,2,1,3,2,2,1
10941,5,1,4,3,3,3,3,1,2,1,1,3,3,3,3,1,2,3,3,3,3,3,2,1,2
10944,8,1,3,3,3,4,2,1,2,2,3,3,4,4,2,1,2,2,3,1,4,4,1,1,3
10945,13,3,2,2,2,2,3,1,3,4,2,2,3,2,3,1,2,4,2,2,3,2,2,2,3
10956,3,3,2,3,2,3,4,3,3,3,4,3,3,3,4,2,1,4,3,4,2,2,1,3,2
10957,2,3,3,3,3,1,3,1,3,1,4,4,4,2,2,1,3,2,3,3,3,3,2,1,3
10958,11,3,3,2,3,3,2,3,2,2,3,3,3,3,2,2,2,3,3,2,2,3,2,3,2
10959,5,3,3,3,3,2,3,1,2,3,1,3,3,3,2,1,2,3,3,2,3,3,1,1,2
10964,10,3,1,3,3,3,3,1,2,2,3,4,3,1,4,1,1,4,1,1,3,3,1,1,3
10967,7,2,3,3,2,3,3,2,3,2,3,3,3,3,2,2,3,2,3,2,3,3,2,2,2
10975,2,3,2,3,2,3,2,1,2,4,2,3,3,2,2,1,1,3,2,2,1,2,1,1,2
10980,10,2,2,3,2,2,2,1,1,1,1,3,3,2,1,1,1,2,1,1,1,1,1,1,1
10988,7,3,2,2,3,2,3,1,2,2,2,3,3,3,2,2,2,3,2,2,3,3,2,1,3
10997,12,3,3,3,3,2,3,3,3,2,3,3,3,3,2,3,3,3,2,2,2,2,2,3,3
11018,7,2,2,3,2,4,2,1,3,3,1,3,3,2,1,1,1,4,1,1,3,1,1,1,3
11036,11,4,3,4,4,3,4,1,4,3,4,4,4,4,1,1,3,4,4,1,3,4,1,1,4
11040,7,1,1,3,2,2,3,1,1,1,3,3,3,2,3,1,1,1,1,1,2,2,3,1,2
11062,11,4,3,1,2,2,4,1,3,3,1,2,3,4,4,1,2,4,2,1,4,2,1,2,3
11064,15,4,3,3,3,4,4,2,2,4,3,4,3,2,3,2,2,4,1,3,3,3,2,1,2
11065,15,3,3,3,3,2,2,1,4,1,1,3,3,3,3,1,3,2,1,2,2,1,1,1,1
11068,6,3,2,2,2,2,3,2,2,4,2,2,3,2,2,2,2,3,2,2,2,3,2,2,2
11076,3,3,3,3,3,3,4,2,3,2,3,3,3,3,3,2,1,3,1,1,3,3,1,1,2
11100,12,3,2,1,4,3,1,1,4,4,1,3,4,4,1,1,3,3,1,1,3,1,1,1,3
11105,2,3,2,3,2,3,3,1,1,3,2,3,3,2,2,1,2,2,2,2,3,2,1,1,2
11124,6,3,4,3,4,2,2,3,2,1,2,3,4,2,2,2,2,2,2,2,2,3,1,3,2
11138,7,4,3,4,4,3,4,1,1,3,4,4,4,4,1,1,1,4,3,1,1,2,1,2,2
11164,12,3,3,2,2,3,2,1,2,2,1,3,2,2,2,1,2,3,2,2,2,2,2,1,3
11167,8,4,4,4,4,4,1,1,4,1,3,4,4,4,1,1,3,4,4,3,4,4,1,1,3
11172,11,3,2,2,3,3,4,3,2,2,2,3,3,2,3,3,2,3,2,1,2,3,1,3,3
11186,7,3,2,3,4,4,3,1,2,1,3,3,3,3,2,1,2,2,3,1,3,4,1,2,1
11212,7,3,2,2,3,3,4,1,1,1,1,3,3,3,3,1,3,3,2,2,3,3,3,2,2
11222,7,1,1,4,4,1,2,2,3,2,3,3,4,4,1,1,4,3,2,2,4,4,1,1,4
11227,12,4,3,3,4,2,4,1,2,2,2,3,4,4,4,1,3,4,2,2,4,2,1,1,3
11247,1,3,2,3,3,3,1,3,2,2,4,2,3,2,1,3,1,3,2,2,3,2,2,3,2
11253,11,3,2,3,2,3,3,3,3,2,3,3,3,4,2,2,3,3,3,2,3,3,2,3,3
11277,13,4,1,2,2,2,3,1,2,3,1,4,4,1,2,1,2,4,1,1,1,2,3,1,2
11278,14,4,3,2,2,3,3,2,3,3,3,3,3,4,4,3,3,4,3,2,4,4,3,2,2
11283,7,2,3,2,2,3,3,1,2,2,2,3,3,3,2,1,2,3,3,2,3,3,1,1,3
11284,16,2,3,2,4,4,3,1,2,3,3,3,3,3,3,3,3,3,3,3,3,3,3,3,3
11303,7,2,2,3,3,2,3,1,2,1,2,3,3,3,2,1,2,3,2,1,2,2,1,1,2
11330,5,4,3,2,3,2,3,1,2,3,2,3,3,2,2,1,2,3,3,3,3,2,1,1,3
11355,13,4,3,4,4,4,3,3,1,2,4,3,4,2,2,3,1,4,1,1,3,2,1,3,2
11377,1,3,2,3,3,3,2,1,3,2,2,3,3,3,2,1,2,3,2,1,3,2,2,1,2
11379,2,4,2,1,3,3,3,1,1,1,4,3,3,2,1,1,1,3,2,1,3,3,1,1,2
11382,7,3,3,1,3,3,3,1,2,2,2,3,3,3,2,2,2,3,2,3,3,3,1,1,2
11390,7,2,3,3,3,2,2,1,3,3,2,3,3,2,2,2,2,2,2,2,3,3,2,2,3
11393,7,3,1,3,3,2,3,1,1,1,3,4,4,4,3,1,2,3,2,1,4,3,1,1,2
11395,7,3,4,3,3,3,3,1,4,1,4,3,4,4,3,1,4,2,4,2,4,4,1,1,4
11399,11,4,3,2,3,2,4,1,3,3,3,3,4,3,1,1,3,4,3,3,3,3,1,1,3
11402,2,3,1,2,2,3,3,1,3,4,1,3,3,1,2,2,2,2,2,2,2,2,2,2,2
11419,11,4,2,2,3,3,3,1,2,4,3,1,3,2,2,1,3,4,1,1,2,3,1,1,3
11422,1,2,2,3,3,2,3,1,3,3,2,3,3,3,3,1,3,3,2,1,3,3,3,1,3
11428,6,1,2,2,3,3,3,1,2,1,1,3,3,2,3,1,2,1,2,1,3,2,2,1,1
11445,11,2,3,2,3,3,3,1,2,1,2,2,3,2,2,1,2,2,2,2,2,2,1,1,2
11463,12,3,3,3,3,3,3,1,3,2,3,3,3,3,3,1,3,3,3,2,3,3,2,1,3
11486,4,1,3,3,3,3,2,1,2,3,4,3,2,2,2,1,2,2,2,2,1,1,1,1,3
11490,6,3,3,2,2,3,3,1,1,3,3,2,3,3,3,1,1,2,2,2,2,2,2,1,2
11494,6,3,4,2,2,3,3,1,2,3,4,2,3,3,2,1,2,2,1,3,3,2,1,1,2
11496,6,2,3,2,3,3,3,1,2,2,2,3,3,3,2,1,1,2,3,2,2,3,3,2,2
11503,6,3,2,2,3,2,2,1,2,3,4,3,4,2,2,1,2,2,2,2,3,3,1,2,4
11543,7,2,2,3,3,3,3,1,2,1,2,2,2,2,2,1,2,2,2,3,3,2,1,1,2
11547,5,3,3,3,3,3,3,2,3,2,2,3,3,3,1,1,1,1,4,1,4,3,1,1,3
11550,3,1,4,3,2,4,3,1,3,1,4,3,4,4,2,1,3,2,3,1,3,3,1,1,3
11555,9,4,1,2,3,3,4,1,2,3,1,4,4,3,2,1,1,4,2,1,4,3,1,1,3
11556,16,4,2,3,3,2,2,2,4,3,3,3,4,2,2,2,4,2,2,3,3,2,2,2,3
11604,11,4,2,3,4,3,4,1,3,3,3,3,4,3,2,1,3,3,3,2,4,4,2,1,3
11626,7,3,3,3,1,2,3,1,1,3,1,3,3,2,3,1,2,2,1,3,2,2,1,1,2
11627,1,4,3,2,3,3,3,1,2,4,3,3,3,2,2,1,2,3,2,3,3,2,2,2,2
11639,2,2,1,3,4,3,4,1,3,3,2,4,4,3,1,1,2,3,1,3,3,2,1,1,3
11640,15,3,4,3,3,2,4,1,3,4,3,4,4,3,4,1,2,2,4,4,3,4,4,1,3
11645,11,3,4,3,2,3,3,1,3,1,4,3,3,3,1,1,1,3,3,2,4,3,1,1,3
11646,8,2,3,3,3,3,2,1,3,2,3,3,3,3,2,1,3,3,3,3,3,3,2,1,3
11648,11,4,1,1,4,4,4,1,3,1,1,2,4,3,2,1,3,4,1,1,3,3,1,1,3
11650,5,3,3,4,4,4,4,1,1,2,3,3,4,2,2,1,1,2,2,2,4,3,1,1,2
11651,7,3,3,3,4,4,1,1,1,1,4,3,4,2,1,1,1,3,2,2,3,3,1,1,1
11660,2,4,2,4,2,3,3,1,2,4,1,2,3,1,3,1,2,3,2,2,3,2,2,1,2
11673,6,3,2,2,3,3,2,1,3,3,1,3,3,3,2,1,3,3,1,2,2,2,1,1,3
11674,3,4,4,3,4,4,4,4,2,3,4,4,4,4,3,3,2,4,3,1,4,3,1,4,3
11677,7,4,4,1,4,4,1,1,1,1,4,4,4,4,1,1,1,4,1,1,1,1,1,1,1
11684,1,3,2,3,3,3,2,1,2,3,3,3,4,3,1,1,1,2,2,2,4,1,1,1,2
11696,8,1,1,3,3,2,3,1,3,1,1,3,3,3,1,1,3,1,2,3,3,2,1,1,3
11704,12,2,3,3,3,3,2,1,3,2,3,3,3,3,1,1,3,3,3,3,3,3,1,1,3
11719,5,2,3,3,3,3,3,1,2,2,3,3,3,3,3,1,1,2,3,2,3,3,2,1,2
11721,15,3,3,3,4,4,4,1,4,2,2,4,4,4,3,3,3,3,2,4,4,4,4,1,3
11722,16,3,2,3,3,3,4,1,2,2,2,3,2,2,3,1,2,2,1,1,2,3,3,1,1
11723,7,3,3,3,3,2,2,1,3,1,1,3,3,3,2,1,2,1,3,3,2,3,1,1,3
11726,7,1,1,4,1,1,1,1,1,1,1,1,1,1,1,1,1,1,1,1,1,1,1,1,1
11743,2,2,2,3,2,2,3,1,2,2,2,2,3,1,3,1,1,3,3,3,2,2,2,1,2
11756,5,2,3,2,3,3,3,1,2,2,4,3,2,3,3,1,2,1,1,1,3,2,2,1,2
11761,16,3,3,4,4,4,2,1,2,1,3,3,1,3,2,1,2,3,3,3,3,3,2,1,1
11788,13,3,2,3,3,2,2,1,1,1,1,3,4,4,1,1,1,4,1,1,3,3,1,1,1
11792,11,3,3,4,4,3,3,1,3,3,4,4,3,3,2,1,2,3,3,1,4,4,1,1,3
11797,8,3,3,4,4,2,3,2,2,3,3,4,3,4,2,1,2,3,3,3,2,2,1,2,3
11798,13,3,3,2,2,3,3,2,2,2,2,3,3,2,3,2,2,3,3,2,2,2,2,2,2
11800,7,3,3,2,4,4,3,1,3,3,3,3,3,3,3,1,3,4,3,2,3,3,4,1,4
11801,6,2,3,3,2,3,3,1,1,2,1,2,3,1,3,1,1,3,2,2,1,2,1,1,1
11825,13,3,1,3,1,3,3,2,1,1,3,3,2,1,2,3,1,4,1,1,2,1,1,1,1
11826,6,3,4,3,3,3,3,1,3,3,3,3,3,2,3,1,2,4,2,1,2,3,1,1,3
11831,6,2,1,2,3,2,2,1,1,2,3,4,3,1,2,1,1,3,2,1,3,3,1,1,2
11840,1,3,3,4,2,3,3,1,2,2,1,3,3,2,3,2,2,3,2,3,2,1,2,1,2
11855,4,3,3,3,2,2,2,1,2,4,3,3,2,3,2,1,2,2,1,2,2,2,1,1,3
11871,10,4,4,4,4,4,4,1,1,4,1,4,4,1,4,1,1,4,1,1,4,1,4,1,1
11915,7,2,2,3,3,2,4,2,2,2,3,3,4,3,3,2,2,3,3,3,3,2,2,2,2
11928,4,1,1,1,3,2,1,1,1,1,1,3,3,2,1,1,1,1,1,1,1,3,1,1,1
11940,15,3,3,3,3,4,2,1,2,2,3,3,3,3,2,1,1,3,1,1,3,3,1,1,3
11952,7,2,3,3,3,3,4,2,1,1,2,3,3,2,4,1,2,3,2,2,3,3,2,1,2
11955,2,3,3,3,2,4,3,1,2,4,1,2,2,2,2,1,2,4,2,1,1,1,1,1,1
12003,2,3,2,1,4,2,3,1,1,1,1,3,3,2,1,1,1,1,1,1,4,2,1,1,1
12101,7,1,1,2,2,4,3,1,1,3,4,3,3,3,2,1,2,3,2,1,4,3,1,2,3
12139,8,2,3,4,3,4,3,1,3,2,3,4,3,4,2,1,3,3,4,2,3,3,1,1,3
12160,2,3,1,2,3,2,4,1,1,3,1,2,3,1,3,2,1,4,2,1,2,3,1,1,1
12189,5,3,1,2,2,4,3,1,2,4,2,3,4,3,3,1,2,3,2,1,3,2,2,1,2
12272,2,4,3,4,3,2,3,1,3,3,3,4,4,2,2,1,4,3,1,2,2,3,1,1,2
12302,8,3,2,3,4,3,3,1,1,1,3,2,4,2,3,1,1,4,4,2,1,2,2,1,4
12373,6,2,1,2,3,3,3,1,3,1,1,4,4,3,2,1,2,4,1,1,4,2,1,1,2
12480,12,2,3,3,3,3,2,1,3,1,4,3,4,3,1,1,2,1,2,1,3,3,1,1,4
12495,14,4,3,3,3,3,4,1,3,2,4,4,3,3,4,1,4,2,1,2,3,4,2,1,3
12523,10,3,4,2,4,3,3,1,3,1,4,4,4,4,3,1,2,2,2,1,4,4,1,1,3
12542,2,3,4,3,3,4,3,1,1,4,3,3,3,3,2,1,1,2,2,1,3,1,3,1,2
12545,8,3,1,3,3,1,2,1,2,2,4,3,3,1,1,1,2,4,2,2,3,3,1,1,2
12572,11,2,2,2,3,2,3,1,2,1,3,3,4,3,2,1,3,3,2,2,2,3,1,1,3
12588,13,1,2,4,3,3,3,2,2,1,4,3,3,3,4,2,2,1,3,2,3,3,2,2,2
12594,15,3,3,3,3,2,4,1,2,3,4,3,4,3,2,1,2,3,1,1,3,3,1,2,2
12600,7,2,1,2,3,3,1,1,2,1,1,2,3,3,1,1,2,1,2,1,3,3,1,1,3
12613,7,3,2,3,4,3,3,3,1,3,2,3,4,3,2,1,2,3,2,4,4,3,2,3,3
12648,11,3,4,3,3,3,3,1,4,4,4,2,4,3,2,3,4,3,2,2,4,2,3,1,4
12674,2,3,3,4,3,2,3,1,3,2,3,3,3,3,2,2,2,2,2,2,3,3,1,1,2
12681,6,3,2,2,2,2,3,1,2,4,2,3,3,2,2,1,2,2,2,1,3,3,2,1,2
12700,7,2,2,3,3,3,2,1,1,2,2,3,3,3,2,1,1,2,3,3,1,2,2,1,1
12721,1,3,2,3,3,2,2,2,3,3,3,3,3,3,2,2,3,3,3,3,3,3,2,2,3
12733,11,3,3,2,3,3,3,1,2,3,3,3,3,3,3,1,2,4,3,1,3,3,1,1,2
12743,10,3,2,1,2,3,3,1,2,3,2,3,3,2,2,2,2,3,2,2,2,2,2,2,2
12746,7,4,2,2,3,3,3,2,2,3,1,4,3,4,3,3,2,4,2,1,3,3,2,2,2
12784,11,2,2,1,3,2,3,4,1,2,3,4,3,3,2,4,1,2,2,1,3,2,1,4,3
12786,6,4,2,2,3,2,3,1,3,2,2,3,3,4,2,1,3,4,3,2,3,4,1,1,2
12825,12,2,3,3,4,3,4,1,3,4,2,2,4,2,3,1,2,3,1,3,3,3,1,1,4
12827,11,1,2,3,3,3,3,1,1,1,1,3,4,2,3,2,1,3,2,2,4,2,1,1,1
12856,11,3,3,2,3,3,3,1,3,2,3,3,3,3,3,2,3,2,3,3,3,3,2,1,2
12884,5,3,3,3,3,3,1,1,3,2,1,3,3,2,1,1,2,3,1,3,3,2,1,1,2
12941,11,4,2,3,4,3,4,2,2,4,3,4,3,3,3,2,2,4,4,3,3,4,2,2,3
12981,6,3,2,3,3,4,3,2,1,2,1,4,3,3,3,2,2,2,2,2,2,2,2,1,2
12988,2,3,1,4,3,2,3,1,3,2,2,3,4,3,2,1,2,3,2,2,3,3,1,2,3
12995,11,3,2,3,3,3,3,1,1,3,4,3,3,3,2,1,2,2,2,2,3,3,2,1,3
13008,7,1,2,2,3,2,4,1,3,1,1,3,4,1,2,1,3,1,3,3,4,3,1,1,4
13015,15,3,3,4,4,4,4,1,1,1,1,4,4,4,3,1,1,2,3,2,4,3,1,1,1
13019,8,4,4,3,2,3,1,1,2,1,4,3,3,2,1,1,2,3,3,3,3,2,1,1,2
13035,8,4,4,4,4,3,4,1,2,2,2,4,3,4,4,1,2,4,4,2,3,3,2,1,3
13041,9,4,2,2,3,3,1,1,1,4,1,3,4,1,1,1,1,3,2,2,4,1,3,1,2
13043,10,1,3,1,4,1,3,1,1,1,1,3,4,1,3,1,1,1,1,1,4,3,2,1,1
13044,6,2,3,3,4,3,3,1,1,3,1,3,4,4,1,1,1,1,1,1,1,1,1,1,1
13051,5,2,2,4,3,4,3,1,2,2,2,2,3,2,2,1,2,2,2,2,2,2,2,1,2
13052,3,1,4,4,3,2,4,1,3,1,3,3,3,3,2,1,1,1,4,3,3,4,1,1,3
13056,16,4,4,3,4,3,3,1,2,2,3,4,4,4,3,1,2,3,3,3,3,4,2,1,3
13057,10,3,3,3,1,2,3,1,2,3,3,2,3,2,3,2,2,3,1,2,3,3,2,1,2
13058,2,3,1,2,2,3,3,1,2,3,3,3,3,2,2,1,2,3,2,3,3,3,2,1,2
13061,16,3,1,3,3,3,3,2,2,2,2,3,3,2,2,2,2,3,3,3,3,3,2,2,3
13079,6,2,4,3,3,4,2,1,2,2,3,4,4,3,1,1,2,3,3,3,3,3,1,1,2
13082,11,3,3,3,3,4,2,1,1,2,3,3,4,4,2,1,1,2,3,2,4,4,2,1,1
13097,6,4,3,3,3,3,2,1,2,1,1,3,2,3,2,1,1,3,3,3,3,3,1,1,2
13101,6,3,3,1,3,3,3,1,2,3,1,3,3,2,2,1,1,3,2,2,3,2,1,1,3
13106,8,4,4,4,4,4,4,1,4,1,4,4,4,4,4,1,4,4,4,4,4,4,2,1,4
13108,5,2,2,1,3,2,3,1,2,2,3,3,4,3,1,1,1,3,1,1,2,2,1,1,2
13121,3,3,1,1,4,2,3,1,3,2,1,3,3,3,3,1,3,4,2,1,3,2,2,2,3
13158,15,3,3,3,4,4,3,1,2,1,2,3,4,4,3,1,2,3,3,2,4,4,2,1,2
13161,15,4,4,3,4,4,3,1,4,3,4,4,4,3,2,1,3,3,3,2,3,3,1,1,3
13162,8,1,2,3,3,2,1,3,2,1,1,3,2,3,1,2,3,1,3,1,2,2,1,3,3
13208,7,3,1,3,3,2,3,1,1,1,4,3,3,3,4,1,1,3,1,1,1,1,1,1,1
13212,7,2,3,2,3,2,3,1,3,3,3,4,3,3,3,1,2,2,2,3,3,3,2,1,2
13270,10,3,1,4,4,3,3,1,1,2,1,4,4,2,1,1,2,3,2,1,4,4,2,1,3
13295,6,3,2,3,3,2,3,2,2,4,2,3,3,2,3,2,2,3,2,2,3,2,2,2,3
13296,3,1,3,3,2,3,3,1,3,1,2,3,2,2,3,1,2,3,3,2,2,3,2,1,2
13340,2,3,1,3,4,4,1,1,3,4,3,3,4,3,1,1,2,4,1,1,3,1,1,1,1
13352,3,1,2,3,3,3,2,1,1,1,1,1,4,4,1,1,1,3,3,4,2,1,1,1,4
13354,6,3,1,2,3,2,2,1,2,3,1,2,3,2,2,1,3,3,1,1,2,3,1,1,2
13383,6,4,3,3,4,2,4,1,4,3,1,4,2,3,2,1,3,3,2,2,4,3,2,1,3
13400,10,3,2,2,3,3,3,3,2,3,3,3,3,3,3,3,2,4,2,2,3,3,2,3,2
13430,4,2,2,2,2,2,3,3,3,2,2,3,3,3,3,2,2,2,2,3,2,3,2,2,3
13492,1,3,3,1,1,3,3,1,1,3,3,3,2,1,2,1,1,3,3,3,3,3,1,1,2
13540,8,3,4,4,3,3,3,2,3,3,2,4,4,4,3,2,2,1,4,3,3,3,2,2,3
13568,1,3,4,3,3,3,3,3,3,3,4,3,3,3,3,3,3,3,4,3,3,3,3,3,3
13587,5,2,3,3,3,2,3,1,2,2,3,3,3,3,3,1,2,2,3,2,4,3,2,1,3
13594,11,4,4,3,4,3,3,1,3,3,4,3,2,3,2,1,1,3,3,2,4,4,2,2,3
13604,5,3,3,3,4,4,4,1,1,2,2,4,4,3,4,1,1,4,4,3,4,2,3,1,2
13605,5,4,3,2,3,3,1,1,2,2,3,3,3,4,2,1,2,3,1,1,2,4,1,1,3
13645,1,3,2,2,3,3,2,1,2,1,3,2,3,3,1,1,1,3,2,2,3,3,2,1,3
13668,12,4,4,3,3,4,3,1,2,2,3,3,2,4,3,1,2,3,2,2,3,3,2,1,2
13671,13,4,1,4,4,3,3,1,1,4,2,2,2,1,3,1,1,4,2,1,2,1,3,1,1
13673,8,3,3,4,4,4,2,2,3,2,4,4,4,4,3,1,3,4,3,3,3,4,1,1,3
13698,13,4,2,2,3,4,3,1,2,4,2,3,3,1,2,1,2,4,1,2,2,2,1,1,3
13700,2,3,3,3,4,4,3,1,1,1,4,2,4,3,1,1,1,3,1,1,3,3,1,1,1
13720,8,3,2,3,4,3,2,1,4,4,3,4,4,3,1,1,2,3,2,2,4,2,1,1,4
13727,11,4,3,3,3,3,3,1,2,3,2,3,4,2,1,1,1,3,3,2,3,3,1,1,2
13750,7,2,3,2,3,3,2,1,2,2,3,3,4,2,2,1,2,3,2,2,3,2,2,1,2
13766,7,4,2,3,3,2,4,1,2,2,1,4,4,2,3,1,2,3,1,4,1,2,2,1,3
13782,12,4,2,3,3,4,3,1,2,3,3,3,4,3,2,1,2,4,1,1,3,2,1,1,3
13804,3,1,1,4,4,4,4,1,1,1,1,4,4,4,4,1,1,1,4,1,4,1,1,1,1
13807,8,1,3,4,3,3,3,2,2,2,3,4,3,3,3,2,1,2,3,3,2,2,3,1,2
13814,6,1,1,1,3,2,2,1,1,1,1,3,4,2,1,1,1,1,1,1,3,1,1,1,1
13842,5,3,2,3,2,3,2,1,1,3,1,2,3,2,2,3,1,3,3,2,2,3,2,2,2
13847,11,3,3,3,3,3,3,1,3,3,3,3,3,3,3,1,2,3,3,2,2,3,2,1,3
13850,6,1,3,1,4,3,3,1,1,1,3,3,4,1,3,1,1,1,1,1,4,3,1,1,2
13860,11,3,2,3,3,3,3,2,2,4,2,2,3,2,2,2,2,3,3,2,3,2,2,2,2
13945,3,3,2,3,2,4,4,1,3,3,2,3,4,4,3,3,2,4,3,4,4,4,1,2,2
13953,16,3,3,4,3,3,3,2,3,3,4,4,3,4,3,1,3,4,2,1,3,4,2,4,4
13962,15,2,3,2,2,4,1,1,4,3,4,4,4,2,1,1,4,4,1,1,4,1,1,1,1
13973,15,4,2,1,4,4,4,1,4,2,2,3,4,3,3,1,1,4,4,2,4,4,1,1,2
14011,4,2,2,3,1,4,4,1,2,2,3,3,4,3,4,1,1,3,1,1,2,2,2,1,2
14013,6,2,4,3,3,3,4,1,3,4,3,3,3,2,3,1,3,3,2,2,3,3,2,1,3
14083,10,3,2,2,4,3,3,1,1,1,1,3,4,1,2,1,1,2,2,3,2,2,3,1,2
14243,11,2,2,3,3,2,3,2,2,2,3,2,2,2,3,2,2,3,2,2,3,2,2,1,2
14261,10,4,3,2,4,3,3,4,4,3,3,2,4,4,2,4,4,4,2,3,2,2,1,4,3
14264,12,3,3,2,3,4,3,2,3,2,3,4,3,4,3,2,3,3,4,3,4,3,3,2,3
14300,6,3,1,2,3,4,2,3,2,4,1,3,4,2,2,1,1,2,1,1,4,1,1,1,1
14308,4,3,3,3,4,3,3,1,4,3,4,4,4,3,3,1,4,4,2,2,3,3,1,1,3
14315,9,4,2,4,3,3,3,1,4,2,2,4,4,2,1,1,4,4,2,1,1,1,1,1,4
14320,11,3,3,2,3,2,4,1,3,2,4,3,3,4,4,1,3,4,3,3,4,4,1,1,3
14439,5,4,2,3,4,4,3,1,3,3,4,3,3,3,3,1,2,4,2,2,2,2,1,2,3
14499,3,4,3,3,4,3,4,2,3,3,2,3,3,3,2,1,1,3,3,3,3,3,1,1,1
14500,7,3,2,2,3,2,3,3,2,2,2,3,3,2,3,3,2,3,2,2,2,2,2,2,2
14502,7,3,3,2,3,2,3,1,1,3,3,3,2,2,2,1,2,2,2,3,3,2,2,1,2
14505,11,4,3,3,2,3,3,2,3,3,3,3,3,2,2,2,3,3,2,2,3,3,3,2,3
14513,8,3,4,3,3,4,3,3,3,2,4,3,4,3,3,3,3,3,3,4,2,3,3,2,3
14533,16,2,3,4,4,4,4,1,3,2,3,4,4,4,3,1,1,2,4,3,2,2,3,1,4
14534,6,2,3,2,3,3,2,1,1,1,4,3,3,3,2,1,1,1,1,1,1,2,1,1,1
14537,3,2,2,3,3,3,4,2,2,1,3,3,3,2,4,2,2,1,3,4,2,3,2,1,2
14547,3,2,2,3,3,3,2,2,3,3,2,3,3,3,2,2,3,2,3,2,4,3,2,2,3
14559,7,1,2,3,4,4,3,1,2,1,2,3,4,4,3,1,2,2,3,4,4,3,3,1,2
14574,15,3,4,4,4,4,4,1,4,1,4,3,3,4,3,1,4,1,4,3,3,4,2,1,3
14577,6,2,2,3,3,3,4,1,3,2,2,3,3,3,3,1,2,1,3,1,3,3,1,1,2
14581,6,3,2,4,4,2,3,1,3,3,2,4,4,4,2,1,2,3,2,1,3,4,1,1,3
14582,1,3,3,3,3,2,2,2,3,3,3,3,3,3,2,2,2,3,2,2,3,3,1,3,2
14602,1,2,4,3,4,4,3,1,2,2,3,4,3,3,4,1,2,2,3,3,3,3,1,1,3
14606,16,3,3,3,2,3,2,1,2,4,2,3,3,2,1,1,2,3,3,3,2,2,1,1,2
14616,4,3,2,3,3,1,4,1,1,4,3,3,4,3,1,1,1,4,2,3,2,3,1,1,4
14637,1,1,3,3,3,3,3,4,1,2,1,3,3,2,2,4,2,1,3,2,3,3,1,4,2
14664,13,3,2,3,3,3,3,1,1,1,3,3,4,2,2,1,1,2,3,2,3,3,1,1,2
14681,7,3,4,4,4,3,3,3,2,3,3,3,3,4,2,3,2,3,3,2,2,3,2,3,2
14701,1,3,2,2,2,2,2,1,1,3,1,1,3,1,1,1,1,4,1,3,1,1,1,1,1
14715,12,3,2,3,3,2,2,1,3,3,2,4,4,3,1,1,2,3,3,3,3,2,1,1,3
14723,15,3,4,3,3,4,3,1,3,2,3,3,3,4,3,1,3,2,3,3,3,3,1,1,3
14751,11,3,2,3,3,3,4,1,3,2,3,3,3,3,4,1,2,3,2,3,3,3,2,1,3
14793,11,2,3,2,3,4,3,2,4,1,4,4,4,4,2,1,4,2,3,1,4,4,3,1,4
14814,14,1,1,4,4,3,4,1,1,1,2,2,3,1,2,1,1,3,1,3,4,1,3,1,2
14816,1,3,1,4,4,4,1,1,1,1,1,4,3,3,1,1,1,4,3,3,3,3,1,1,3
14874,5,2,3,3,3,2,2,1,2,2,1,3,3,2,2,1,2,2,2,2,2,2,2,1,3
14888,11,2,3,3,3,3,3,2,2,2,2,3,3,2,2,2,2,2,3,2,3,3,2,2,2
14910,14,3,3,3,3,3,3,1,2,2,1,3,3,1,3,1,2,3,3,2,3,3,2,1,2
15067,4,3,2,3,3,4,3,4,4,3,2,3,3,2,3,3,2,3,4,2,3,3,3,4,3
15091,8,3,2,4,3,2,2,2,3,3,3,3,2,3,2,2,3,3,2,1,4,3,2,2,4
15099,7,2,3,2,3,3,3,1,2,3,3,3,3,2,3,1,1,2,2,1,2,2,1,1,1
15100,6,3,2,1,3,3,3,1,1,2,1,3,2,3,2,1,1,3,1,1,2,2,1,1,1
15139,6,4,3,2,2,2,4,3,2,4,3,2,3,2,4,4,2,3,2,2,2,3,2,2,2
15141,4,3,3,3,3,3,3,3,3,2,3,3,3,3,2,2,2,2,2,2,3,3,2,3,3
15145,7,2,3,3,3,4,4,1,2,1,3,3,3,4,3,1,1,2,3,1,3,4,1,1,2
15148,2,2,3,2,3,3,3,2,2,1,3,2,3,2,2,2,2,2,2,2,3,3,2,2,2
15160,2,3,3,3,4,3,3,2,2,2,3,3,3,3,2,2,2,3,2,3,4,3,3,1,3
15162,11,1,3,4,3,4,3,1,1,1,1,3,2,4,3,1,1,1,3,1,4,3,1,1,2
15163,13,4,3,3,3,3,3,3,3,3,3,3,3,3,3,3,3,3,3,3,3,3,2,2,2
15168,1,4,2,2,3,3,3,1,2,4,2,2,4,2,2,1,2,3,2,2,2,2,1,1,1
15170,5,3,1,1,4,3,2,1,1,1,1,2,4,1,1,1,1,4,1,1,1,1,1,1,3
15193,3,3,3,3,3,3,4,1,2,2,3,3,3,3,2,1,2,4,3,1,3,3,2,1,3
15255,11,2,2,2,3,2,3,1,2,1,2,2,4,3,2,2,2,2,1,1,4,2,1,1,2
15257,7,1,3,4,3,3,3,3,2,1,2,3,3,4,2,2,1,1,3,3,4,4,2,2,3
15374,3,3,2,3,3,2,3,1,2,2,2,3,3,3,3,1,1,3,2,2,3,2,3,1,2
15430,11,3,2,4,4,3,3,2,4,3,2,3,4,3,3,2,3,3,3,3,2,2,1,2,2
15436,11,3,4,4,4,4,3,3,3,2,3,4,3,3,2,3,3,2,3,3,4,4,2,4,4
15439,2,3,3,2,3,2,3,1,3,3,3,3,3,3,2,1,3,3,2,2,3,3,1,1,3
15441,4,2,3,3,3,3,3,1,3,4,2,4,2,4,4,1,2,1,4,4,3,3,2,1,1
15447,15,3,4,3,3,3,4,1,2,2,3,3,3,3,3,1,2,3,2,2,3,2,2,1,2
15455,11,4,2,3,3,3,4,1,3,2,1,3,3,2,4,1,1,3,1,2,3,1,1,1,2
15459,1,3,4,3,2,3,2,1,1,1,3,3,3,3,1,1,1,3,3,3,2,3,1,1,3
15464,14,3,2,1,4,3,2,1,2,4,4,2,4,3,1,1,3,3,1,1,3,1,1,1,1
15475,3,3,3,3,3,3,3,1,4,3,3,3,3,3,1,1,4,3,3,2,3,3,1,1,4
15481,12,3,4,3,4,3,3,1,1,1,3,4,3,4,3,1,1,1,1,1,3,3,1,1,1
15510,2,4,1,3,2,3,3,1,1,4,1,2,4,1,3,1,1,3,1,1,1,3,2,1,1
